Número ,Tipo de pregunta,Tipo de respuesta,Nombre SPSS,Pregunta,0,1,2,3,4,5,6,7,8,9,10,11,12,13,14,15,16,17,18,19,20,21,22,23,24,25,26,27,28,29,30,31,32,33
1,Fecha,Numérico,date,Surveyed Date,,,,,,,,,,,,,,,,,,,,,,,,,,,,,,,,,,
2,Fecha,Numérico,endDate,Surveyed End Date,,,,,,,,,,,,,,,,,,,,,,,,,,,,,,,,,,
3,Numérico,Numérico,resultId,Result Id,,,,,,,,,,,,,,,,,,,,,,,,,,,,,,,,,,
4,Cadena,Texto,device,Device Name,,,,,,,,,,,,,,,,,,,,,,,,,,,,,,,,,,
5,Cadena,Texto y numero,Q1,AGEB,,,,,,,,,,,,,,,,,,,,,,,,,,,,,,,,,,
6,Cadena,Texto y numero,Q2,Distrito electoral local,,,,,,,,,,,,,,,,,,,,,,,,,,,,,,,,,,
7,Numérico,Escala 1-2,Q4,¿Conoce o puede mencionar el nombre de los actuales regidores? NO AYUDAR CON NOMBRES,,Puede mencionar a algun regidor ,No conoce a ningun regidor,,,,,,,,,,,,,,,,,,,,,,,,,,,,,,,
8,Numérico,Escala 0-1,Q5.1,María Dolores Adame Alvarado,No seleccionado,Sí seleccionado,,,,,,,,,,,,,,,,,,,,,,,,,,,,,,,,
9,Numérico,Escala 0-1,Q5.2,Alma Edith Arredondo Salinas,No seleccionado,Sí seleccionado,,,,,,,,,,,,,,,,,,,,,,,,,,,,,,,,
10,Numérico,Escala 0-1,Q5.3,Héctor Hugo Avitia Arellanes,No seleccionado,Sí seleccionado,,,,,,,,,,,,,,,,,,,,,,,,,,,,,,,,
11,Numérico,Escala 0-1,Q5.4,Amparo Beltrán Ceballos,No seleccionado,Sí seleccionado,,,,,,,,,,,,,,,,,,,,,,,,,,,,,,,,
12,Numérico,Escala 0-1,Q5.5,Jorge Marcial Bueno Quiroz,No seleccionado,Sí seleccionado,,,,,,,,,,,,,,,,,,,,,,,,,,,,,,,,
13,Numérico,Escala 0-1,Q5.6,Mayra Karina Castillo Tapia,No seleccionado,Sí seleccionado,,,,,,,,,,,,,,,,,,,,,,,,,,,,,,,,
14,Numérico,Escala 0-1,Q5.7,Antonio Domínguez Alderete,No seleccionado,Sí seleccionado,,,,,,,,,,,,,,,,,,,,,,,,,,,,,,,,
15,Numérico,Escala 0-1,Q5.8,Karla Michaeel Escalante Ramírez,No seleccionado,Sí seleccionado,,,,,,,,,,,,,,,,,,,,,,,,,,,,,,,,
16,Numérico,Escala 0-1,Q5.9,Ana Carmen Estrada García,No seleccionado,Sí seleccionado,,,,,,,,,,,,,,,,,,,,,,,,,,,,,,,,
17,Numérico,Escala 0-1,Q5.10,Joob Quintin Flores Silva,No seleccionado,Sí seleccionado,,,,,,,,,,,,,,,,,,,,,,,,,,,,,,,,
18,Numérico,Escala 0-1,Q5.11,Austria Elizabeth Galindo Rodríguez,No seleccionado,Sí seleccionado,,,,,,,,,,,,,,,,,,,,,,,,,,,,,,,,
19,Numérico,Escala 0-1,Q5.12,Jorge Alberto Gutiérrez Casas,No seleccionado,Sí seleccionado,,,,,,,,,,,,,,,,,,,,,,,,,,,,,,,,
20,Numérico,Escala 0-1,Q5.13,Tania Maldonado Garduño,No seleccionado,Sí seleccionado,,,,,,,,,,,,,,,,,,,,,,,,,,,,,,,,
21,Numérico,Escala 0-1,Q5.14,Pedro Alberto Matus Peña,No seleccionado,Sí seleccionado,,,,,,,,,,,,,,,,,,,,,,,,,,,,,,,,
22,Numérico,Escala 0-1,Q5.15,Martha Patricia Mendoza Rodríguez,No seleccionado,Sí seleccionado,,,,,,,,,,,,,,,,,,,,,,,,,,,,,,,,
23,Numérico,Escala 0-1,Q5.16,Vanessa Mora de la O,No seleccionado,Sí seleccionado,,,,,,,,,,,,,,,,,,,,,,,,,,,,,,,,
24,Numérico,Escala 0-1,Q5.17,Mireya Porras Armendáriz,No seleccionado,Sí seleccionado,,,,,,,,,,,,,,,,,,,,,,,,,,,,,,,,
25,Numérico,Escala 0-1,Q5.18,Yolanda Cecilia Reyes Castro,No seleccionado,Sí seleccionado,,,,,,,,,,,,,,,,,,,,,,,,,,,,,,,,
26,Numérico,Escala 0-1,Q5.19,Victor Manuel Talamantes Vázquez,No seleccionado,Sí seleccionado,,,,,,,,,,,,,,,,,,,,,,,,,,,,,,,,
27,Numérico,Escala 0-1,Q5.20,Enrique Torres Valadez,No seleccionado,Sí seleccionado,,,,,,,,,,,,,,,,,,,,,,,,,,,,,,,,
28,Numérico,Escala 1-2,Q6,¿Puede decirme el nombre del síndico o síndica municipal? NO AYUDAR CON NOMBRES,,No conoce el nombre de la sindica minicipal,Sí conoce ,,,,,,,,,,,,,,,,,,,,,,,,,,,,,,,
29,Numérico,Escala 1-2,Q7,¿Puede decirme el nombre del (la) diputado(a) local/estatal de su distrito? NO AYUDAR CON NOMBRES,,Sí conoce a un diputador local/estatal,no conoce a un diputador local/estatal,,,,,,,,,,,,,,,,,,,,,,,,,,,,,,,
30,Numérico,Escala 0-1,Q8.1,Leticia Ortega Máynez (Distrito 02),No seleccionado,Sí seleccionado,,,,,,,,,,,,,,,,,,,,,,,,,,,,,,,,
31,Numérico,Escala 0-1,Q8.2,Oscar Daniel Avitia Arellanes (Distrito 03),No seleccionado,Sí seleccionado,,,,,,,,,,,,,,,,,,,,,,,,,,,,,,,,
32,Numérico,Escala 0-1,Q8.3,Rosana Dí­az Reyes (Distrito 04),No seleccionado,Sí seleccionado,,,,,,,,,,,,,,,,,,,,,,,,,,,,,,,,
33,Numérico,Escala 0-1,Q8.4,Marisela Terrazas Muñoz (Distrito 05),No seleccionado,Sí seleccionado,,,,,,,,,,,,,,,,,,,,,,,,,,,,,,,,
34,Numérico,Escala 0-1,Q8.5,Amelia Deyanira Ozaeta Díaz (Distrito 06),No seleccionado,Sí seleccionado,,,,,,,,,,,,,,,,,,,,,,,,,,,,,,,,
35,Numérico,Escala 0-1,Q8.6,Gustavo de la Rosa Hickerson (Distrito 07),No seleccionado,Sí seleccionado,,,,,,,,,,,,,,,,,,,,,,,,,,,,,,,,
36,Numérico,Escala 0-1,Q8.7,Edin Cuauhtémoc Estrada Sotelo (Distrito 08),No seleccionado,Sí seleccionado,,,,,,,,,,,,,,,,,,,,,,,,,,,,,,,,
37,Numérico,Escala 0-1,Q8.8,Magdalena Rentería Pérez (Distrito 09),No seleccionado,Sí seleccionado,,,,,,,,,,,,,,,,,,,,,,,,,,,,,,,,
38,Numérico,Escala 0-1,Q8.9,María Antonieta Pérez Reyes (Distrito 10),No seleccionado,Sí seleccionado,,,,,,,,,,,,,,,,,,,,,,,,,,,,,,,,
39,Numérico,Escala 1-2,Q9,¿Puede decirme el nombre del (la) diputado(a) federal de su distrito? NO AYUDAR CON NOMBRES,,Sí conoce a un diputado federal,No conoce a un diputado federal ,,,,,,,,,,,,,,,,,,,,,,,,,,,,,,,
40,Numérico,Escala 0-1,Q10.1,Daniel Murguía Lardizabal (Distrito 01),No seleccionado,Sí seleccionado,,,,,,,,,,,,,,,,,,,,,,,,,,,,,,,,
41,Numérico,Escala 0-1,Q10.2,Teresita de Jesus Vargas Meráz (Distrito 02),No seleccionado,Sí seleccionado,,,,,,,,,,,,,,,,,,,,,,,,,,,,,,,,
42,Numérico,Escala 0-1,Q10.3,Lilia Aguilar Gil (Distrito 03),No seleccionado,Sí seleccionado,,,,,,,,,,,,,,,,,,,,,,,,,,,,,,,,
43,Numérico,Escala 0-1,Q10.4,Daniela Soraya Álvarez Hernández(Distrito 04),No seleccionado,Sí seleccionado,,,,,,,,,,,,,,,,,,,,,,,,,,,,,,,,
44,Numérico,Numerico,Q11,"REGIDORES Califique del 1 al 10, donde 1 es que no representan para nada los intereses y 10 es que representan totalmente los intereses ciudadanos.",,,,,,,,,,,,,,,,,,,,,,,,,,,,,,,,,,
45,Numérico,Calificacion 1-10,Q12,"¿Qué tanto cree que EL/LA SÍNDICO(A) represente los intereses de los ciudadanos? Califique del 1 al 10, donde 1 es que no representan para nada los intereses y 10 es que representan totalmente los intereses ciudadanos.",,,,,,,,,,,,,,,,,,,,,,,,,,,,,,,,,,
46,Numérico,Calificacion 1-10,Q13,"¿Qué tanto cree que EL/LA DIPUTADO(A) LOCAL represente los intereses de los ciudadanos? Califique del 1 al 10, donde 1 es que no representan para nada los intereses y 10 es que representan totalmente los intereses ciudadanos. ",,,,,,,,,,,,,,,,,,,,,,,,,,,,,,,,,,
47,Numérico,Calificacion 1-10,Q14,"¿Qué tanto cree que EL/LA DIPUTADO(A) FEDERAL represente los intereses de los ciudadanos? Califique del 1 al 10, donde 1 es que no representan para nada los intereses y 10 es que representan totalmente los intereses ciudadanos.",,,,,,,,,,,,,,,,,,,,,,,,,,,,,,,,,,
48,Numérico,Escala 1-5,Q14.1,REGIDORES 1-5,,Nada,Muy poco,Algo,Mucho,NS/NC,,,,,,,,,,,,,,,,,,,,,,,,,,,,
49,Numérico,Escala 1-5,Q14.2,SINDICO 1-5,,Nada,Muy poco,Algo,Mucho,NS/NC,,,,,,,,,,,,,,,,,,,,,,,,,,,,
50,Numérico,Escala 1-5,Q14.3,DIPUTADO LOCAL 1-5,,Nada,Muy poco,Algo,Mucho,NS/NC,,,,,,,,,,,,,,,,,,,,,,,,,,,,
51,Numérico,Escala 1-5,Q14.4,DIPUTADO FEDERAL 1-5,,Nada,Muy poco,Algo,Mucho,NS/NC,,,,,,,,,,,,,,,,,,,,,,,,,,,,
52,Numérico,Escala 1-5,Q16.1,Diputados,,Mucha desconfíanza ,Algo de desconfíanza ,Algo de confianza ,Mucha confianza ,NS/NC,,,,,,,,,,,,,,,,,,,,,,,,,,,,
53,Numérico,Escala 1-5,Q16.2,Prensa local (periódicos),,Mucha desconfíanza ,Algo de desconfíanza ,Algo de confianza ,Mucha confianza ,NS/NC,,,,,,,,,,,,,,,,,,,,,,,,,,,,
54,Numérico,Escala 1-5,Q16.3,Televisoras locales,,Mucha desconfíanza ,Algo de desconfíanza ,Algo de confianza ,Mucha confianza ,NS/NC,,,,,,,,,,,,,,,,,,,,,,,,,,,,
55,Numérico,Escala 1-5,Q16.4,Iglesias,,Mucha desconfíanza ,Algo de desconfíanza ,Algo de confianza ,Mucha confianza ,NS/NC,,,,,,,,,,,,,,,,,,,,,,,,,,,,
56,Numérico,Escala 1-5,Q16.5,Maestros,,Mucha desconfíanza ,Algo de desconfíanza ,Algo de confianza ,Mucha confianza ,NS/NC,,,,,,,,,,,,,,,,,,,,,,,,,,,,
57,Numérico,Escala 1-5,Q16.6,Partidos políticos,,Mucha desconfíanza ,Algo de desconfíanza ,Algo de confianza ,Mucha confianza ,NS/NC,,,,,,,,,,,,,,,,,,,,,,,,,,,,
58,Numérico,Escala 1-5,Q16.7,Organizaciones ciudadanas (OSC's),,Mucha desconfíanza ,Algo de desconfíanza ,Algo de confianza ,Mucha confianza ,NS/NC,,,,,,,,,,,,,,,,,,,,,,,,,,,,
59,Numérico,Escala 1-5,Q16.8,Universidades,,Mucha desconfíanza ,Algo de desconfíanza ,Algo de confianza ,Mucha confianza ,NS/NC,,,,,,,,,,,,,,,,,,,,,,,,,,,,
60,Numérico,Escala 1-5,Q16.9,Empresarios,,Mucha desconfíanza ,Algo de desconfíanza ,Algo de confianza ,Mucha confianza ,NS/NC,,,,,,,,,,,,,,,,,,,,,,,,,,,,
61,Numérico,Escala 1-5,Q16.10,Policía municipal,,Mucha desconfíanza ,Algo de desconfíanza ,Algo de confianza ,Mucha confianza ,NS/NC,,,,,,,,,,,,,,,,,,,,,,,,,,,,
62,Numérico,Escala 1-5,Q16.11,Tránsito municipal,,Mucha desconfíanza ,Algo de desconfíanza ,Algo de confianza ,Mucha confianza ,NS/NC,,,,,,,,,,,,,,,,,,,,,,,,,,,,
63,Numérico,Escala 1-5,Q16.12,Policía ministerial,,Mucha desconfíanza ,Algo de desconfíanza ,Algo de confianza ,Mucha confianza ,NS/NC,,,,,,,,,,,,,,,,,,,,,,,,,,,,
64,Numérico,Escala 1-5,Q16.13,Policía estatal,,Mucha desconfíanza ,Algo de desconfíanza ,Algo de confianza ,Mucha confianza ,NS/NC,,,,,,,,,,,,,,,,,,,,,,,,,,,,
65,Numérico,Escala 1-5,Q16.14,Ejército,,Mucha desconfíanza ,Algo de desconfíanza ,Algo de confianza ,Mucha confianza ,NS/NC,,,,,,,,,,,,,,,,,,,,,,,,,,,,
66,Numérico,Escala 1-5,Q16.15,Guardia nacional,,Mucha desconfíanza ,Algo de desconfíanza ,Algo de confianza ,Mucha confianza ,NS/NC,,,,,,,,,,,,,,,,,,,,,,,,,,,,
67,Numérico,Escala 1-5,Q16.16,Jueces o magistrados,,Mucha desconfíanza ,Algo de desconfíanza ,Algo de confianza ,Mucha confianza ,NS/NC,,,,,,,,,,,,,,,,,,,,,,,,,,,,
68,Numérico,Escala 1-5,Q16.17,Presidente municipal(Cruz Pérez Cuellar),,Mucha desconfíanza ,Algo de desconfíanza ,Algo de confianza ,Mucha confianza ,NS/NC,,,,,,,,,,,,,,,,,,,,,,,,,,,,
69,Numérico,Escala 1-5,Q16.18,Regidores,,Mucha desconfíanza ,Algo de desconfíanza ,Algo de confianza ,Mucha confianza ,NS/NC,,,,,,,,,,,,,,,,,,,,,,,,,,,,
70,Numérico,Escala 1-5,Q16.19,Síndico/a,,Mucha desconfíanza ,Algo de desconfíanza ,Algo de confianza ,Mucha confianza ,NS/NC,,,,,,,,,,,,,,,,,,,,,,,,,,,,
71,Numérico,Escala 1-5,Q16.20,Funcionarios del gobierno municipal,,Mucha desconfíanza ,Algo de desconfíanza ,Algo de confianza ,Mucha confianza ,NS/NC,,,,,,,,,,,,,,,,,,,,,,,,,,,,
72,Numérico,Escala 1-5,Q16.21,Gobernador/a (Maru Campos),,Mucha desconfíanza ,Algo de desconfíanza ,Algo de confianza ,Mucha confianza ,NS/NC,,,,,,,,,,,,,,,,,,,,,,,,,,,,
73,Numérico,Escala 1-5,Q16.22,Funcionarios del gobierno del estado,,Mucha desconfíanza ,Algo de desconfíanza ,Algo de confianza ,Mucha confianza ,NS/NC,,,,,,,,,,,,,,,,,,,,,,,,,,,,
74,Numérico,Escala 1-5,Q16.23,Presidente de la república,,Mucha desconfíanza ,Algo de desconfíanza ,Algo de confianza ,Mucha confianza ,NS/NC,,,,,,,,,,,,,,,,,,,,,,,,,,,,
75,Numérico,Escala 1-5,Q16.24,Funcionarios del gobierno federal,,Mucha desconfíanza ,Algo de desconfíanza ,Algo de confianza ,Mucha confianza ,NS/NC,,,,,,,,,,,,,,,,,,,,,,,,,,,,
76,Numérico,Escala 1-2,Q16.25,TUVO CONTACTO CON ALGUNA AUTORIDAD,,Sí,No,,,,,,,,,,,,,,,,,,,,,,,,,,,,,,,
77,Numérico,Escala 1-2,Q16.26,DIO MORDIDA POR LO MENOS EN UN TRAMITE,,Sí,No,,,,,,,,,,,,,,,,,,,,,,,,,,,,,,,
78,Numérico,Escala 1-2,Q18,"Durante 2021, ¿realizó por lo menos 1 trámite ante el gobierno municipal? (PREDIAL, LICENCIA DE FUNCIONAMIENTO, USO DE SUELO, CARTA DE RESIDENCIA, PAGO DE MULTAS, ESTACIONÓMETROS, SERVICIOS PÚBLICOS, PERMISO DE CONSTRUCCIÓN, OTRO TRÁMITE MUNICIPAL",,Sí,No,,,,,,,,,,,,,,,,,,,,,,,,,,,,,,,
79,Numérico,Escala 1-2,Q18.1,DIO MORDIDA EN UN TRAMITE MUNICIPAL,,Sí,No,,,,,,,,,,,,,,,,,,,,,,,,,,,,,,,
80,Numérico,Escala 1-3,Q19,"Durante 2021, ¿realizó trámite de PREDIAL?",,No,,Sí,,,,,,,,,,,,,,,,,,,,,,,,,,,,,,
81,Cadena,,Q19.1.1,Other,,,,,,,,,,,,,,,,,,,,,,,,,,,,,,,,,,
82,Numérico,Escala 1-3,Q20,"Durante 2021, ¿dio mordida o soborno para realizar el trámite? PREDIAL",,No,,Sí,,,,,,,,,,,,,,,,,,,,,,,,,,,,,,
83,Cadena,,Q20.1.1,Other,,,,,,,,,,,,,,,,,,,,,,,,,,,,,,,,,,
84,Cadena,,Q21,"En promedio, ¿cuánto dinero equivale cada mordida o soborno? PREDIAL",,,,,,,,,,,,,,,,,,,,,,,,,,,,,,,,,,
85,Numérico,Escala 1-3,Q22,"Durante 2021, ¿realizó trámite de LICENCIA DE FUNCIONAMIENTO?",,No,,Sí,,,,,,,,,,,,,,,,,,,,,,,,,,,,,,
86,Cadena,,Q22.1.1,Other,,,,,,,,,,,,,,,,,,,,,,,,,,,,,,,,,,
87,Numérico,Escala 1-3,Q23,"Durante 2021, ¿dio mordida o soborno para realizar el trámite? LICENCIA DE FUNCIONAMIENTO",,No,,Sí,,,,,,,,,,,,,,,,,,,,,,,,,,,,,,
88,Cadena,,Q23.1.1,Other,,,,,,,,,,,,,,,,,,,,,,,,,,,,,,,,,,
89,Cadena,,Q24,"En promedio, ¿cuánto dinero equivale cada mordida o soborno? LICENCIA DE FUNCIONAMIENTO",,,,,,,,,,,,,,,,,,,,,,,,,,,,,,,,,,
90,Numérico,Escala 1-3,Q25,"Durante 2021, ¿realizó trámite de USO DE SUELO?",,No,,Sí,,,,,,,,,,,,,,,,,,,,,,,,,,,,,,
91,Cadena,,Q25.1.1,Other,,,,,,,,,,,,,,,,,,,,,,,,,,,,,,,,,,
92,Numérico,Escala 1-3,Q26,"Durante 2021, ¿dio mordida o soborno para realizar el trámite? USO DE SUELO",,No,,Sí,,,,,,,,,,,,,,,,,,,,,,,,,,,,,,
93,Cadena,,Q26.1.1,Other,,,,,,,,,,,,,,,,,,,,,,,,,,,,,,,,,,
94,Cadena,Escala 1-3,Q27,"En promedio, ¿cuánto dinero equivale cada mordida o soborno? USO DE SUELO",,No,,Sí,,,,,,,,,,,,,,,,,,,,,,,,,,,,,,
95,Numérico,Escala 1-3,Q28,"Durante 2021, ¿realizó trámite de CARTA DE RESIDENCIA?",,No,,Sí,,,,,,,,,,,,,,,,,,,,,,,,,,,,,,
96,Cadena,,Q28.1.1,Other,,,,,,,,,,,,,,,,,,,,,,,,,,,,,,,,,,
97,Numérico,Escala 1-3,Q29,"Durante 2021, ¿dio mordida o soborno para realizar el trámite? CARTA DE RESIDENCIA",,No,,Sí,,,,,,,,,,,,,,,,,,,,,,,,,,,,,,
98,Cadena,,Q29.1.1,Other,,,,,,,,,,,,,,,,,,,,,,,,,,,,,,,,,,
99,Cadena,,Q30,"En promedio, ¿cuánto dinero equivale cada mordida o soborno? CARTA DE RESIDENCIA",,,,,,,,,,,,,,,,,,,,,,,,,,,,,,,,,,
100,Numérico,Escala 1-3,Q31,"Durante 2021, ¿realizó trámite de PAGO DE MULTAS?",,No,,Sí,,,,,,,,,,,,,,,,,,,,,,,,,,,,,,
101,Cadena,,Q31.1.1,Other,,,,,,,,,,,,,,,,,,,,,,,,,,,,,,,,,,
102,Numérico,Escala 1-3,Q32,"Durante 2021, ¿dio mordida o soborno para realizar el trámite? PAGO DE MULTAS",,No,,SÍ,,,,,,,,,,,,,,,,,,,,,,,,,,,,,,
103,Cadena,,Q32.1.1,Other,,,,,,,,,,,,,,,,,,,,,,,,,,,,,,,,,,
104,Cadena,,Q33,"En promedio, ¿cuánto dinero equivale cada mordida o soborno? PAGO DE MULTAS",,,,,,,,,,,,,,,,,,,,,,,,,,,,,,,,,,
105,Numérico,Escala 1-3,Q34,"Durante 2021, ¿realizó trámite de ESTACIONÓMETROS?",,No,,Sí,,,,,,,,,,,,,,,,,,,,,,,,,,,,,,
106,Cadena,,Q34.1.1,Other,,,,,,,,,,,,,,,,,,,,,,,,,,,,,,,,,,
107,Numérico,Escala 1-3,Q35,"Durante 2021, ¿dio mordida o soborno para realizar el trámite? ESTACIONÓMETROS",,No,,Sí,,,,,,,,,,,,,,,,,,,,,,,,,,,,,,
108,Cadena,,Q35.1.1,Other,,,,,,,,,,,,,,,,,,,,,,,,,,,,,,,,,,
109,Cadena,,Q36,"En promedio, ¿cuánto dinero equivale cada mordida o soborno? ESTACIONÓMETROS",,,,,,,,,,,,,,,,,,,,,,,,,,,,,,,,,,
110,Numérico,Escala 1-3,Q37,"Durante 2021, ¿realizó trámite de SERVICIOS PÚBLICOS (LIMPIA, LUZ, PARQUES)?",,No,,Sí,,,,,,,,,,,,,,,,,,,,,,,,,,,,,,
111,Cadena,,Q37.1.1,Other,,,,,,,,,,,,,,,,,,,,,,,,,,,,,,,,,,
112,Numérico,Escala 1-3,Q38,"Durante 2021, ¿dio mordida o soborno para realizar el trámite? SERVICIOS PÚBLICOS (LIMPIA, LUZ, PARQUES)",,No,,Sí,,,,,,,,,,,,,,,,,,,,,,,,,,,,,,
113,Cadena,,Q38.1.1,Other,,,,,,,,,,,,,,,,,,,,,,,,,,,,,,,,,,
114,Cadena,,Q39,"En promedio, ¿cuánto dinero equivale cada mordida o soborno? SERVICIOS PÚBLICOS (LIMPIA, LUZ, PARQUES)",,,,,,,,,,,,,,,,,,,,,,,,,,,,,,,,,,
115,Numérico,Escala 1-3,Q40,"Durante 2021, ¿realizó trámite de PERMISO DE CONSTRUCCIÓN?",,No,,Sí,,,,,,,,,,,,,,,,,,,,,,,,,,,,,,
116,Cadena,,Q40.1.1,Other,,,,,,,,,,,,,,,,,,,,,,,,,,,,,,,,,,
117,Numérico,Escala 1-3,Q41,"Durante 2021, ¿dio mordida o soborno para realizar el trámite? PERMISO DE CONSTRUCCIÓN",,No,,Sí,,,,,,,,,,,,,,,,,,,,,,,,,,,,,,
118,Cadena,,Q41.1.1,Other,,,,,,,,,,,,,,,,,,,,,,,,,,,,,,,,,,
119,Cadena,,Q42,"En promedio, ¿cuánto dinero equivale cada mordida o soborno? PERMISO DE CONSTRUCCIÓN",,,,,,,,,,,,,,,,,,,,,,,,,,,,,,,,,,
120,Numérico,Escala 1-3,Q43,"Durante 2021, ¿realizó OTROS TRÁMITES MUNICIPALES?",,No,,Sí,,,,,,,,,,,,,,,,,,,,,,,,,,,,,,
121,Cadena,,Q43.1.1,Other,,,,,,,,,,,,,,,,,,,,,,,,,,,,,,,,,,
122,Cadena,,Q44,¿Cuál es el o los otros trámites municipales que realizó? (Escriba nombre de los trámites municipales).,,,,,,,,,,,,,,,,,,,,,,,,,,,,,,,,,,
123,Numérico,Escala 1-3,Q45,"Durante 2021, ¿dio mordida o soborno para realizar el trámite? OTROS TRÁMITES MUNICIPALES",,No,,Sí,,,,,,,,,,,,,,,,,,,,,,,,,,,,,,
124,Cadena,,Q45.1.1,Other,,,,,,,,,,,,,,,,,,,,,,,,,,,,,,,,,,
125,Cadena,,Q46,"En promedio, ¿cuánto dinero equivale cada mordida o soborno? OTROS TRÁMITES MUNICIPALES",,,,,,,,,,,,,,,,,,,,,,,,,,,,,,,,,,
126,Numérico,Escala 1-3,Q47,"Durante 2021, ¿realizó por lo menos 1 trámite ante gobierno estatal? (LICENCIA DE CONDUCIR, REGISTRO DE LA PROPIEDAD, PERMISO DE GOBERNACIÓN, IMPUESTO SOBRE NÓMINAS, RECAUDACIÓN DE RENTAS, SERVICIOS EDUCATIVOS, JMAS, OTRO TRÁMITE ESTATAL)",,No,Sí,,,,,,,,,,,,,,,,,,,,,,,,,,,,,,,
127,Numérico,Escala 1-3,Q48,"Durante 2021, ¿realizó trámites de LICENCIA DE CONDUCIR?",,No,,Sí,,,,,,,,,,,,,,,,,,,,,,,,,,,,,,
128,Cadena,,Q48.1.1,Other,,,,,,,,,,,,,,,,,,,,,,,,,,,,,,,,,,
129,Numérico,Escala 1-3,Q49,"Durante 2021, ¿dio mordida o soborno para realizar el trá¡mite? LICENCIA DE CONDUCIR",,No,,Sí,,,,,,,,,,,,,,,,,,,,,,,,,,,,,,
130,Cadena,,Q49.1.1,Other,,,,,,,,,,,,,,,,,,,,,,,,,,,,,,,,,,
131,Cadena,,Q50,"En promedio, ¿cuánto dinero equivale cada mordida o soborno? LICENCIA DE CONDUCIR",,,,,,,,,,,,,,,,,,,,,,,,,,,,,,,,,,
132,Numérico,Escala 1-3,Q51,"Durante 2021, ¿realizó trámites de REGISTRO PÚBLICO DE LA PROPIEDAD?",,No,,Sí,,,,,,,,,,,,,,,,,,,,,,,,,,,,,,
133,Cadena,,Q51.1.1,Other,,,,,,,,,,,,,,,,,,,,,,,,,,,,,,,,,,
134,Numérico,Escala 1-3,Q52,"Durante 2021, ¿dio mordida o soborno para realizar el trámite? REGISTRO PÚBLICO DE LA PROPIEDAD",,No,,Sí,,,,,,,,,,,,,,,,,,,,,,,,,,,,,,
135,Cadena,,Q52.1.1,Other,,,,,,,,,,,,,,,,,,,,,,,,,,,,,,,,,,
136,Cadena,,Q53,"En promedio, ¿cuánto dinero equivale cada mordida o soborno? REGISTRO PÚBLICO DE LA PROPIEDAD",,,,,,,,,,,,,,,,,,,,,,,,,,,,,,,,,,
137,Numérico,Escala 1-3,Q54,"Durante 2021, ¿realizó trámites de PERMISOS DE GOBERNACIÓN?",,No,,Sí,,,,,,,,,,,,,,,,,,,,,,,,,,,,,,
138,Cadena,,Q54.1.1,Other,,,,,,,,,,,,,,,,,,,,,,,,,,,,,,,,,,
139,Numérico,Escala 1-3,Q55,"Durante 2021, ¿dio mordida o soborno para realizar el trámite? PERMISOS DE GOBERNACIÓN",,No,,Sí,,,,,,,,,,,,,,,,,,,,,,,,,,,,,,
140,Cadena,,Q55.1.1,Other,,,,,,,,,,,,,,,,,,,,,,,,,,,,,,,,,,
141,Cadena,,Q56,"En promedio, ¿cuánto dinero equivale cada mordida o soborno? PERMISOS DE GOBERNACIÓN",,,,,,,,,,,,,,,,,,,,,,,,,,,,,,,,,,
142,Numérico,Escala 1-3,Q57,"Durante 2021, ¿realizó trámites de IMPUESTO SOBRE NÓMINAS?",,No,,Sí,,,,,,,,,,,,,,,,,,,,,,,,,,,,,,
143,Cadena,,Q57.1.1,Other,,,,,,,,,,,,,,,,,,,,,,,,,,,,,,,,,,
144,Numérico,Escala 1-3,Q58,"Durante 2021, ¿dio mordida o soborno para realizar el trámite? IMPUESTO SOBRE NÓMINAS",,No,,Sí,,,,,,,,,,,,,,,,,,,,,,,,,,,,,,
145,Cadena,,Q58.1.1,Other,,,,,,,,,,,,,,,,,,,,,,,,,,,,,,,,,,
146,Cadena,,Q59,"En promedio, ¿cuánto dinero equivale cada mordida o soborno? IMPUESTO SOBRE NÓMINAS",,,,,,,,,,,,,,,,,,,,,,,,,,,,,,,,,,
147,Numérico,Escala 1-3,Q60,"Durante 2021, ¿realizó trámites de RECAUDACIÓN DE RENTAS?",,No,,Sí,,,,,,,,,,,,,,,,,,,,,,,,,,,,,,
148,Cadena,,Q60.1.1,Other,,,,,,,,,,,,,,,,,,,,,,,,,,,,,,,,,,
149,Numérico,Escala 1-3,Q61,"Durante 2021, ¿dio mordida o soborno para realizar el trÁmite? RECAUDACIÓN DE RENTAS",,No,,Sí,,,,,,,,,,,,,,,,,,,,,,,,,,,,,,
150,Cadena,,Q61.1.1,Other,,,,,,,,,,,,,,,,,,,,,,,,,,,,,,,,,,
151,Cadena,,Q62,"En promedio, ¿cuánto dinero equivale cada mordida o soborno? RECAUDACIÓN DE RENTAS",,,,,,,,,,,,,,,,,,,,,,,,,,,,,,,,,,
152,Numérico,Escala 1-3,Q63,"Durante 2021, ¿realizó trámites de SERVICIOS EDUCATIVOS?",,No,,Sí,,,,,,,,,,,,,,,,,,,,,,,,,,,,,,
153,Cadena,,Q63.1.1,Other,,,,,,,,,,,,,,,,,,,,,,,,,,,,,,,,,,
154,Numérico,Escala 1-3,Q64,"Durante 2021, ¿dio mordida o soborno para realizar el trámite? SERVICIOS EDUCATIVOS",,No,,Sí,,,,,,,,,,,,,,,,,,,,,,,,,,,,,,
155,Cadena,,Q64.1.1,Other,,,,,,,,,,,,,,,,,,,,,,,,,,,,,,,,,,
156,Cadena,,Q65,"En promedio, ¿cuánto dinero equivale cada mordida o soborno? SERVICIOS EDUCATIVOS",,,,,,,,,,,,,,,,,,,,,,,,,,,,,,,,,,
157,Numérico,Escala 1-3,Q66,"Durante 2021, ¿realizó trámites de JMAS (reconexión)?",,No,,Sí,,,,,,,,,,,,,,,,,,,,,,,,,,,,,,
158,Cadena,,Q66.1.1,Other,,,,,,,,,,,,,,,,,,,,,,,,,,,,,,,,,,
159,Numérico,Escala 1-3,Q67,"Durante 2021, ¿dio mordida o soborno para realizar el trámite? JMAS (reconexión)",,No,,Sí,,,,,,,,,,,,,,,,,,,,,,,,,,,,,,
160,Cadena,,Q67.1.1,Other,,,,,,,,,,,,,,,,,,,,,,,,,,,,,,,,,,
161,Cadena,,Q68,"En promedio, ¿cuánto dinero equivale cada mordida o soborno? JMAS (reconexión)",,,,,,,,,,,,,,,,,,,,,,,,,,,,,,,,,,
162,Numérico,Escala 1-3,Q69,"Durante 2021, ¿realizó OTROS TRÁMITES ESTATALES?",,No,,Sí,,,,,,,,,,,,,,,,,,,,,,,,,,,,,,
163,Cadena,,Q69.1.1,Other,,,,,,,,,,,,,,,,,,,,,,,,,,,,,,,,,,
164,Cadena,,Q70,¿Cuál es el o los otros trámites estatales que realizó? (Escriba nombre de los trámites estatales).,,,,,,,,,,,,,,,,,,,,,,,,,,,,,,,,,,
165,Numérico,Escala 1-3,Q71,"Durante 2021, ¿dio mordida o soborno para realizar el trámite? OTROS TRÁMITES ESTATALES",,No,,Sí,,,,,,,,,,,,,,,,,,,,,,,,,,,,,,
166,Cadena,,Q71.1.1,Other,,,,,,,,,,,,,,,,,,,,,,,,,,,,,,,,,,
167,Cadena,,Q72,"En promedio, ¿cuánto dinero equivale cada mordida o soborno? OTROS TRÁMITES ESTATALES",,,,,,,,,,,,,,,,,,,,,,,,,,,,,,,,,,
168,Numérico,Escala 1-2,Q73,"Durante 2021, ¿realizó por lo menos 1 trámite ante gobierno federal? (SAT-HACIENDA, CFE-LUZ, OTRO TRÁMITE FEDERAL)",,No ,Sí,,,,,,,,,,,,,,,,,,,,,,,,,,,,,,,
169,Numérico,Escala 1-3,Q74,"Durante 2021, ¿realizó trámites de HACIENDA/SAT?",,No,,Sí,,,,,,,,,,,,,,,,,,,,,,,,,,,,,,
170,Cadena,,Q74.1.1,Other,,,,,,,,,,,,,,,,,,,,,,,,,,,,,,,,,,
171,Numérico,Escala 1-3,Q75,"Durante 2021, ¿dio mordida o soborno para realizar el trámite? HACIENDA/SAT",,No,,Sí,,,,,,,,,,,,,,,,,,,,,,,,,,,,,,
172,Cadena,,Q75.1.1,Other,,,,,,,,,,,,,,,,,,,,,,,,,,,,,,,,,,
173,Cadena,,Q76,"En promedio, ¿cuánto dinero equivale cada mordida o soborno? HACIENDA/SAT",,,,,,,,,,,,,,,,,,,,,,,,,,,,,,,,,,
174,Numérico,Escala 1-3,Q77,"Durante 2021, ¿realizó trámites de CFE?",,No,,Sí,,,,,,,,,,,,,,,,,,,,,,,,,,,,,,
175,Cadena,,Q77.1.1,Other,,,,,,,,,,,,,,,,,,,,,,,,,,,,,,,,,,
176,Numérico,Escala 1-3,Q78,"Durante 2021, ¿dio mordida o soborno para realizar el trámite? CFE",,No,,Sí,,,,,,,,,,,,,,,,,,,,,,,,,,,,,,
177,Cadena,,Q78.1.1,Other,,,,,,,,,,,,,,,,,,,,,,,,,,,,,,,,,,
178,Cadena,,Q79,"En promedio, ¿cuánto dinero equivale cada mordida o soborno? CFE",,,,,,,,,,,,,,,,,,,,,,,,,,,,,,,,,,
179,Numérico,Escala 1-3,Q80,"Durante 2021, ¿realizó trámites ante OTRA DEPENDENCIA FEDERAL?",,No,,Sí,,,,,,,,,,,,,,,,,,,,,,,,,,,,,,
180,Cadena,,Q80.1.1,Other,,,,,,,,,,,,,,,,,,,,,,,,,,,,,,,,,,
181,Cadena,,Q81,Mencione el nombre de la otra dependencia federal en la que realizó el trámite.,,,,,,,,,,,,,,,,,,,,,,,,,,,,,,,,,,
182,Numérico,Escala 1-3,Q82,"Durante 2021, ¿dio mordida o soborno para realizar el trámite? OTRA DEPENDENCIA FEDERAL",,No,,Sí,,,,,,,,,,,,,,,,,,,,,,,,,,,,,,
183,Cadena,,Q82.1.1,Other,,,,,,,,,,,,,,,,,,,,,,,,,,,,,,,,,,
184,Cadena,,Q83,"En promedio, ¿cuánto dinero equivale cada mordida o soborno? OTRA DEPENDENCIA FEDERAL",,,,,,,,,,,,,,,,,,,,,,,,,,,,,,,,,,
185,Numérico,Escala 1-3,Q84,"Durante 2021, ¿fue detenido por TRÁNSITO MUNICIPAL?",,No,,Sí,,,,,,,,,,,,,,,,,,,,,,,,,,,,,,
186,Cadena,,Q84.1.1,Other,,,,,,,,,,,,,,,,,,,,,,,,,,,,,,,,,,
187,Numérico,Escala 1-3,Q85,"Durante 2021, ¿dio mordida o soborno en dinero o especie en al menos 1 de ellos? TRÁNSITO MUNICIPAL",,No,,Sí,,,,,,,,,,,,,,,,,,,,,,,,,,,,,,
188,Cadena,,Q85.1.1,Other,,,,,,,,,,,,,,,,,,,,,,,,,,,,,,,,,,
189,Cadena,,Q86,"En promedio, ¿cuánto dinero equivale cada mordida o soborno? TRÁNSITO MUNICIPAL",,,,,,,,,,,,,,,,,,,,,,,,,,,,,,,,,,
190,Numérico,Escala 1-3,Q87,"Durante 2021, ¿fue detenido por POLICÍA MUNICIPAL?",,No,,Sí,,,,,,,,,,,,,,,,,,,,,,,,,,,,,,
191,Cadena,,Q87.1.1,Other,,,,,,,,,,,,,,,,,,,,,,,,,,,,,,,,,,
192,Numérico,Escala 1-3,Q88,"Durante 2021, ¿dio mordida o soborno en dinero o especie en al menos 1 de ellos? POLICÍA MUNICIPAL",,No,,Sí,,,,,,,,,,,,,,,,,,,,,,,,,,,,,,
193,Cadena,,Q88.1.1,Other,,,,,,,,,,,,,,,,,,,,,,,,,,,,,,,,,,
194,Cadena,,Q89,"En promedio, ¿cuánto dinero equivale cada mordida o soborno? POLICÍA MUNICIPAL",,,,,,,,,,,,,,,,,,,,,,,,,,,,,,,,,,
195,Numérico,Escala 1-3,Q90,"Durante 2021, ¿fue detenido por POLICÍA ESTATAL?",,No,,Sí,,,,,,,,,,,,,,,,,,,,,,,,,,,,,,
196,Cadena,,Q90.1.1,Other,,,,,,,,,,,,,,,,,,,,,,,,,,,,,,,,,,
197,Numérico,Escala 1-3,Q91,"Durante 2021, ¿dio mordida o soborno en dinero o especie en al menos 1 de ellos? POLICÍA ESTATAL",,No,,Sí,,,,,,,,,,,,,,,,,,,,,,,,,,,,,,
198,Cadena,,Q91.1.1,Other,,,,,,,,,,,,,,,,,,,,,,,,,,,,,,,,,,
199,Cadena,,Q92,"En promedio, ¿Cuánto dinero equivale cada mordida o soborno? POLICÍA ESTATAL",,,,,,,,,,,,,,,,,,,,,,,,,,,,,,,,,,
200,Numérico,Escala 1-3,Q93,"Durante 2021, ¿fue detenido por EJÉRCITO?",,No,,Sí,,,,,,,,,,,,,,,,,,,,,,,,,,,,,,
201,Cadena,,Q93.1.1,Other,,,,,,,,,,,,,,,,,,,,,,,,,,,,,,,,,,
202,Numérico,Escala 1-3,Q94,"Durante 2021, ¿dio mordida o soborno en dinero o especie en al menos 1 de ellos? EJÉRCITO",,No,,Sí,,,,,,,,,,,,,,,,,,,,,,,,,,,,,,
203,Cadena,,Q94.1.1,Other,,,,,,,,,,,,,,,,,,,,,,,,,,,,,,,,,,
204,Cadena,,Q95,"En promedio, ¿cuánto dinero equivale cada mordida o soborno? EJÉRCITO",,,,,,,,,,,,,,,,,,,,,,,,,,,,,,,,,,
205,Numérico,Escala 1-3,Q96,"Durante 2021, ¿fue detenido por GUARDIA NACIONAL?",,No,,Sí,,,,,,,,,,,,,,,,,,,,,,,,,,,,,,
206,Cadena,,Q96.1.1,Other,,,,,,,,,,,,,,,,,,,,,,,,,,,,,,,,,,
207,Numérico,Escala 1-3,Q97,"Durante 2021, ¿dio mordida o soborno en dinero o especie en al menos 1 de ellos? GUARDIA NACIONAL",,No,,Sí,,,,,,,,,,,,,,,,,,,,,,,,,,,,,,
208,Cadena,,Q97.1.1,Other,,,,,,,,,,,,,,,,,,,,,,,,,,,,,,,,,,
209,Cadena,,Q98,"En promedio, ¿cuánto dinero equivale cada mordida o soborno? GUARDIA NACIONAL",,,,,,,,,,,,,,,,,,,,,,,,,,,,,,,,,,
210,Numérico,Escala 1-4,Q100,"Desde su punto de vista, ¿la corrupción es culpa de...?",,El gobierno,Los ciudadanos,Ambos,NS/NC,,,,,,,,,,,,,,,,,,,,,,,,,,,,,
211,Numérico,Escala 1-28,Q101,¿Cuáles son las instituciones que para usted son las que más previenen y combaten la corrupción en Juárez? IMPORTANCIA #1,,Diputados,Prensa local,Televisoras locales ,Iglesias ,Maestros,Partidos politicos,Organizaciones ciudadanas ,Universidades ,Empresarios,Policía municipal,Tránsito municipal ,Policía ministerial ,Ejército ,Policía estatal,Guardia nacional ,Jueces o magistrados ,Presidente municipal Cruz Perez,Regidores ,Síndicos(A),Funcionarios del gobierno municipal ,Gobernadora Maru Campos ,Funcionarios del gobierno estatal ,Presidente de la republica ,Funcionarios del gobierno federal ,Sistema estatal anticorrupcion ,Auditoría superior del estado ,,"Otro, Especifique ",,,,,
212,Cadena,,Q101.1.1,Other,,,,,,,,,,,,,,,,,,,,,,,,,,,,,,,,,,
213,Numérico,Escala 1-28,Q102,¿Cuáles son las instituciones que para usted son las que más previenen y combaten la corrupción en Juárez? IMPORTANCIA #2,,Diputados,Prensa local,Televisoras locales ,Iglesias ,Maestros,Partidos politicos,Organizaciones ciudadanas ,Universidades ,Empresarios,Policía municipal,Tránsito municipal ,Policía ministerial ,Ejército ,Policía estatal,Guardia nacional ,Jueces o magistrados ,Presidente municipal Cruz Perez,Regidores ,Síndicos(A),Funcionarios del gobierno municipal ,Gobernadora Maru Campos ,Funcionarios del gobierno estatal ,Presidente de la republica ,Funcionarios del gobierno federal ,Sistema estatal anticorrupcion ,Auditoría superior del estado ,,"Otro, Especifique ",,,,,
214,Cadena,,Q102.1.1,Other,,,,,,,,,,,,,,,,,,,,,,,,,,,,,,,,,,
215,Numérico,Escala 1-28,Q103,¿Cuáles son las instituciones que para usted son las que más previenen y combaten la corrupción en Juárez? IMPORTANCIA #3,,Diputados,Prensa local,Televisoras locales ,Iglesias ,Maestros,Partidos politicos,Organizaciones ciudadanas ,Universidades ,Empresarios,Policía municipal,Tránsito municipal ,Policía ministerial ,Ejército ,Policía estatal,Guardia nacional ,Jueces o magistrados ,Presidente municipal Cruz Perez,Regidores ,Síndicos(A),Funcionarios del gobierno municipal ,Gobernadora Maru Campos ,Funcionarios del gobierno estatal ,Presidente de la republica ,Funcionarios del gobierno federal ,Sistema estatal anticorrupcion ,Auditoría superior del estado ,,"Otro, Especifique ",,,,,
216,Cadena,,Q103.1.1,Other,,,,,,,,,,,,,,,,,,,,,,,,,,,,,,,,,,
217,Numérico,Escala 1-5,Q105.1,Respeten las leyes,,Nunca (nunca lo hacen),Poco (con poca frecuencia),Algo (con algo de frecuencia),Mucho (con mucha frecuencia),NS/NC,,,,,,,,,,,,,,,,,,,,,,,,,,,,
218,Numérico,Escala 1-5,Q105.2,Den dinero o sobornos a servidores públicos,,Nunca (nunca lo hacen),Poco (con poca frecuencia),Algo (con algo de frecuencia),Mucho (con mucha frecuencia),NS/NC,,,,,,,,,,,,,,,,,,,,,,,,,,,,
219,Numérico,Escala 1-5,Q105.3,Se interesen en conocer las tareas que el gobierno realiza,,Nunca (nunca lo hacen),Poco (con poca frecuencia),Algo (con algo de frecuencia),Mucho (con mucha frecuencia),NS/NC,,,,,,,,,,,,,,,,,,,,,,,,,,,,
220,Numérico,Escala 1-5,Q105.4,Respeten los derechos de otras personas,,Nunca (nunca lo hacen),Poco (con poca frecuencia),Algo (con algo de frecuencia),Mucho (con mucha frecuencia),NS/NC,,,,,,,,,,,,,,,,,,,,,,,,,,,,
221,Numérico,Escala 1-5,Q105.5,Paguen los impuestos que les corresponden,,Nunca (nunca lo hacen),Poco (con poca frecuencia),Algo (con algo de frecuencia),Mucho (con mucha frecuencia),NS/NC,,,,,,,,,,,,,,,,,,,,,,,,,,,,
222,Numérico,Escala 1-5,Q105.6,Paguen el impuesto predial cada año,,Nunca (nunca lo hacen),Poco (con poca frecuencia),Algo (con algo de frecuencia),Mucho (con mucha frecuencia),NS/NC,,,,,,,,,,,,,,,,,,,,,,,,,,,,
223,Numérico,Escala 1-5,Q105.7,Tienen en regla las placas de su vehí­culo,,Nunca (nunca lo hacen),Poco (con poca frecuencia),Algo (con algo de frecuencia),Mucho (con mucha frecuencia),NS/NC,,,,,,,,,,,,,,,,,,,,,,,,,,,,
224,Numérico,Escala 1-5,Q105.8,Tengan seguro de daños a terceros en sus vehí­culos,,Nunca (nunca lo hacen),Poco (con poca frecuencia),Algo (con algo de frecuencia),Mucho (con mucha frecuencia),NS/NC,,,,,,,,,,,,,,,,,,,,,,,,,,,,
225,Numérico,Escala 1-5,Q105.9,Cumplan con el engomado ecológico en sus vehículos,,Nunca (nunca lo hacen),Poco (con poca frecuencia),Algo (con algo de frecuencia),Mucho (con mucha frecuencia),NS/NC,,,,,,,,,,,,,,,,,,,,,,,,,,,,
226,Numérico,Escala 1-5,Q105.10,Cumplan con el reglamento de tránsito,,Nunca (nunca lo hacen),Poco (con poca frecuencia),Algo (con algo de frecuencia),Mucho (con mucha frecuencia),NS/NC,,,,,,,,,,,,,,,,,,,,,,,,,,,,
227,Numérico,Escala 1-5,Q107.1,Llevó a cabo actos de corrupción MUNICIPAL,,Nunca (nunca lo hacen),Poco (con poca frecuencia),Algo (con algo de frecuencia),Mucho (con mucha frecuencia),NS/NC,,,,,,,,,,,,,,,,,,,,,,,,,,,,
228,Numérico,Escala 1-5,Q107.2,Tomó en cuenta a los ciudadanos MUNICIPAL,,Nunca (nunca lo hacen),Poco (con poca frecuencia),Algo (con algo de frecuencia),Mucho (con mucha frecuencia),NS/NC,,,,,,,,,,,,,,,,,,,,,,,,,,,,
229,Numérico,Escala 1-5,Q107.3,Cumplió con sus compromisos y promesas MUNICIPAL,,Nunca (nunca lo hacen),Poco (con poca frecuencia),Algo (con algo de frecuencia),Mucho (con mucha frecuencia),NS/NC,,,,,,,,,,,,,,,,,,,,,,,,,,,,
230,Numérico,Escala 1-5,Q107.4,Aplicó imparcialmente las leyes MUNICIPAL,,Nunca (nunca lo hacen),Poco (con poca frecuencia),Algo (con algo de frecuencia),Mucho (con mucha frecuencia),NS/NC,,,,,,,,,,,,,,,,,,,,,,,,,,,,
231,Numérico,Escala 1-5,Q107.5,Rindió cuentas a la ciudadaní­a MUNICIPAL,,Nunca (nunca lo hacen),Poco (con poca frecuencia),Algo (con algo de frecuencia),Mucho (con mucha frecuencia),NS/NC,,,,,,,,,,,,,,,,,,,,,,,,,,,,
232,Numérico,Escala 1-5,Q108.1,Llevó a cabo actos de corrupción ESTATAL,,Nunca (nunca lo hacen),Poco (con poca frecuencia),Algo (con algo de frecuencia),Mucho (con mucha frecuencia),NS/NC,,,,,,,,,,,,,,,,,,,,,,,,,,,,
233,Numérico,Escala 1-5,Q108.2,Tomó en cuenta a los ciudadanos ESTATAL,,Nunca (nunca lo hacen),Poco (con poca frecuencia),Algo (con algo de frecuencia),Mucho (con mucha frecuencia),NS/NC,,,,,,,,,,,,,,,,,,,,,,,,,,,,
234,Numérico,Escala 1-5,Q108.3,Cumplió con sus compromisos y promesas ESTATAL,,Nunca (nunca lo hacen),Poco (con poca frecuencia),Algo (con algo de frecuencia),Mucho (con mucha frecuencia),NS/NC,,,,,,,,,,,,,,,,,,,,,,,,,,,,
235,Numérico,Escala 1-5,Q108.4,Aplicó imparcialmente las leyes ESTATAL,,Nunca (nunca lo hacen),Poco (con poca frecuencia),Algo (con algo de frecuencia),Mucho (con mucha frecuencia),NS/NC,,,,,,,,,,,,,,,,,,,,,,,,,,,,
236,Numérico,Escala 1-5,Q108.5,Rindió cuentas a la ciudadanía ESTATAL,,Nunca (nunca lo hacen),Poco (con poca frecuencia),Algo (con algo de frecuencia),Mucho (con mucha frecuencia),NS/NC,,,,,,,,,,,,,,,,,,,,,,,,,,,,
237,Numérico,Escala 1-5,Q109.1,Llevó a cabo actos de corrupción FEDERAL,,Nunca (nunca lo hacen),Poco (con poca frecuencia),Algo (con algo de frecuencia),Mucho (con mucha frecuencia),NS/NC,,,,,,,,,,,,,,,,,,,,,,,,,,,,
238,Numérico,Escala 1-5,Q109.2,Tomó en cuenta a los ciudadanos FEDERAL,,Nunca (nunca lo hacen),Poco (con poca frecuencia),Algo (con algo de frecuencia),Mucho (con mucha frecuencia),NS/NC,,,,,,,,,,,,,,,,,,,,,,,,,,,,
239,Numérico,Escala 1-5,Q109.3,Cumplió con sus compromisos y promesas FEDERAL,,Nunca (nunca lo hacen),Poco (con poca frecuencia),Algo (con algo de frecuencia),Mucho (con mucha frecuencia),NS/NC,,,,,,,,,,,,,,,,,,,,,,,,,,,,
240,Numérico,Escala 1-5,Q109.4,Aplicó imparcialmente las leyes FEDERAL,,Nunca (nunca lo hacen),Poco (con poca frecuencia),Algo (con algo de frecuencia),Mucho (con mucha frecuencia),NS/NC,,,,,,,,,,,,,,,,,,,,,,,,,,,,
241,Numérico,Escala 1-5,Q109.5,Rindió cuentas a la ciudadanía FEDERAL,,Nunca (nunca lo hacen),Poco (con poca frecuencia),Algo (con algo de frecuencia),Mucho (con mucha frecuencia),NS/NC,,,,,,,,,,,,,,,,,,,,,,,,,,,,
242,Cadena,Calificacion 1-10,Q110,"En una escala del 1 al 10,¿Cómo calificarí­a la expectativa que tiene en este momento del gobierno Municipal de Cruz Pérez Cuéllar?",,,,,,,,,,,,,,,,,,,,,,,,,,,,,,,,,,
243,Cadena,Calificacion 1-10,Q111,En una escala del 1 al 10.¿Cómo calificaría la expectativa que tienen en este momento del gobierno Estatal de Maru Campos Galván?,,,,,,,,,,,,,,,,,,,,,,,,,,,,,,,,,,
244,Cadena,Calificacion 1-10,Q112,"En una escala del 1 al 10, ¿cómo califica al gobierno federal de Andrés Manuel López Obrador?",,,,,,,,,,,,,,,,,,,,,,,,,,,,,,,,,,
245,Numérico,Escala 1-5,Q114,"En Juárez, ¿el que la hace, la paga? Es decir, ¿se castiga a quien comete algún delito o infracción?",,Siempre ,Casi siempre ,Casi nunca ,Nunca ,NS/NC,,,,,,,,,,,,,,,,,,,,,,,,,,,,
246,Numérico,Escala 1-5,Q115,¿Usted cree que el GOBIERNO MUNICIPAL de Cruz Pérez Cuéllar sanciona a los servidores públicos que son sorprendidos en actos de corrupción?,,Nunca (nunca lo hacen),Poco (con poca frecuencia),Algo (con algo de frecuencia),Mucho (con mucha frecuencia),NS/NC,,,,,,,,,,,,,,,,,,,,,,,,,,,,
247,Numérico,Escala 1-5,Q116,¿Usted cree que el GOBIERNO ESTATAL de Maru Campos Galván sanciona a los servidores públicos que son sorprendidos en actos de corrupción?,,Nunca (nunca lo hacen),Poco (con poca frecuencia),Algo (con algo de frecuencia),Mucho (con mucha frecuencia),NS/NC,,,,,,,,,,,,,,,,,,,,,,,,,,,,
248,Numérico,Escala 1-5,Q117,¿Usted cree que el GOBIERNO FEDERAL sanciona a los servidores públicos que son sorprendidos en actos de corrupción?,,Nunca (nunca lo hacen),Poco (con poca frecuencia),Algo (con algo de frecuencia),Mucho (con mucha frecuencia),NS/NC,,,,,,,,,,,,,,,,,,,,,,,,,,,,
249,Numérico,Escala 1-3,Q118,"Usted diría que en Juárez, ¿la justicia está exenta de corrupción?",,Sí,No ,NC/NC,,,,,,,,,,,,,,,,,,,,,,,,,,,,,,
250,Numérico,Escala 1-3,Q119,"Durante 2021, ¿fue víctima de algún delito?",,Sí,No ,NC/NC,,,,,,,,,,,,,,,,,,,,,,,,,,,,,,
251,Numérico,Escala 1-3,Q120,¿Denunció este delito ante alguna institución competente?,,Sí,No ,NC/NC,,,,,,,,,,,,,,,,,,,,,,,,,,,,,,
252,Numérico,Escala 1-28,Q121,¿Cuáles son las instituciones que más violan las leyes? INSTITUCIÓN #1,,Diputados,Prensa local,Televisoras locales ,Iglesias ,Maestros,Partidos politicos,Organizaciones ciudadanas ,Universidades ,Empresarios,Policía municipal,Tránsito municipal ,Policía ministerial ,Ejército ,Policía estatal,Guardia nacional ,Jueces o magistrados ,Presidente municipal Cruz Perez,Regidores ,Síndicos(A),Funcionarios del gobierno municipal ,Gobernadora Maru Campos ,Funcionarios del gobierno estatal ,Presidente de la republica ,Funcionarios del gobierno federal ,Sistema estatal anticorrupcion ,Auditoría superior del estado ,,"Otro, Especifique ",,,,,
253,Cadena,,Q121.1.1,Other,,,,,,,,,,,,,,,,,,,,,,,,,,,,,,,,,,
254,Numérico,Escala 1-28,Q122,¿Cuáles son las instituciones que más violan las leyes? INSTITUCIÓN #2,,Diputados,Prensa local,Televisoras locales ,Iglesias ,Maestros,Partidos politicos,Organizaciones ciudadanas ,Universidades ,Empresarios,Policía municipal,Tránsito municipal ,Policía ministerial ,Ejército ,Policía estatal,Guardia nacional ,Jueces o magistrados ,Presidente municipal Cruz Perez,Regidores ,Síndicos(A),Funcionarios del gobierno municipal ,Gobernadora Maru Campos ,Funcionarios del gobierno estatal ,Presidente de la republica ,Funcionarios del gobierno federal ,Sistema estatal anticorrupcion ,Auditoría superior del estado ,,"Otro, Especifique ",,,,,
255,Cadena,,Q122.1.1,Other,,,,,,,,,,,,,,,,,,,,,,,,,,,,,,,,,,
256,Numérico,Escala 1-28,Q123,¿Cuáles son las instituciones que más violan las leyes? INSTITUCIÓN #3,,Diputados,Prensa local,Televisoras locales ,Iglesias ,Maestros,Partidos politicos,Organizaciones ciudadanas ,Universidades ,Empresarios,Policía municipal,Tránsito municipal ,Policía ministerial ,Ejército ,Policía estatal,Guardia nacional ,Jueces o magistrados ,Presidente municipal Cruz Perez,Regidores ,Síndicos(A),Funcionarios del gobierno municipal ,Gobernadora Maru Campos ,Funcionarios del gobierno estatal ,Presidente de la republica ,Funcionarios del gobierno federal ,Sistema estatal anticorrupcion ,Auditoría superior del estado ,,"Otro, Especifique ",,,,,
257,Cadena,,Q123.1.1,Other,,,,,,,,,,,,,,,,,,,,,,,,,,,,,,,,,,
,Numérico,Escala 1-2,Q125.0,si pertenece por lo menos a una organización ,,Sí,No,,,,,,,,,,,,,,,,,,,,,,,,,,,,,,,
258,Numérico,Escala 1-2,Q125.1,Partidos/organizaciones polÍticas,,Sí,No,,,,,,,,,,,,,,,,,,,,,,,,,,,,,,,
259,Numérico,Escala 1-2,Q125.2,Sindicatos,,Sí,No,,,,,,,,,,,,,,,,,,,,,,,,,,,,,,,
260,Numérico,Escala 1-2,Q125.3,Iglesias/asociaciones religiosas,,Sí,No,,,,,,,,,,,,,,,,,,,,,,,,,,,,,,,
261,Numérico,Escala 1-2,Q125.4,Agrupaciones empresariales,,Sí,No,,,,,,,,,,,,,,,,,,,,,,,,,,,,,,,
262,Numérico,Escala 1-2,Q125.5,Asociaciones de padres de familia en escuelas,,Sí,No,,,,,,,,,,,,,,,,,,,,,,,,,,,,,,,
263,Numérico,Escala 1-2,Q125.6,Asociaciones o equipos deportivos,,Sí,No,,,,,,,,,,,,,,,,,,,,,,,,,,,,,,,
264,Numérico,Escala 1-2,Q125.7,Asociaciones/comités/juntas de vecinos,,Sí,No,,,,,,,,,,,,,,,,,,,,,,,,,,,,,,,
265,Numérico,Escala 1-2,Q125.8,Clubs sociales/de servicios,,Sí,No,,,,,,,,,,,,,,,,,,,,,,,,,,,,,,,
266,Numérico,Escala 1-2,Q125.9,Organizaciones civiles/ONGS/Fundaciones,,Sí,No,,,,,,,,,,,,,,,,,,,,,,,,,,,,,,,
267,Numérico,Escala 1-2,Q125.10,Grupo de autoayuda o superación,,Sí,No,,,,,,,,,,,,,,,,,,,,,,,,,,,,,,,
268,Numérico,Escala 1-2,Q125.11,Caja popular o cooperativa de crédito,,Sí,No,,,,,,,,,,,,,,,,,,,,,,,,,,,,,,,
269,Numérico,Escala 1-2,Q125.12,Pertenece pero no participa activamente,,Sí,No,,,,,,,,,,,,,,,,,,,,,,,,,,,,,,,
270,Cadena,Texto,Q126,"Si pertenece a otra organización que NO HAYA SIDO MENCIONADA ANTERIORMENTE, indique cuál (escriba nombre/objetivo):",,Sí,,,,,,,,,,,,,,,,,,,,,,,,,,,,,,,,
271,Numérico,Escala 1-2,Q127,"Durante 2021, ¿apoyó activamente a algún movimiento social?",,Sí,No,,,,,,,,,,,,,,,,,,,,,,,,,,,,,,,
272,Cadena,Texto,Q128,¿Cuál o cuáles movimientos sociales apoyó?,,Sí,,,,,,,,,,,,,,,,,,,,,,,,,,,,,,,,
273,Numérico,Escala 1-2,Q129.1,"Propuestas de planes, programas, leyes o políticas públicas",,Sí,No,,,,,,,,,,,,,,,,,,,,,,,,,,,,,,,
274,Numérico,Escala 1-2,Q129.2,Vigilar acciones/funciones de los servidores/instituciones públicas,,Sí,No,,,,,,,,,,,,,,,,,,,,,,,,,,,,,,,
275,Numérico,Escala 1-2,Q129.3,Firmar cartas de apoyo/amparos,,Sí,No,,,,,,,,,,,,,,,,,,,,,,,,,,,,,,,
276,Numérico,Escala 1-2,Q129.4,"Quejarse ante las autoridades (solicitudes, denuncias o reportes ante autoridades)",,Sí,No,,,,,,,,,,,,,,,,,,,,,,,,,,,,,,,
277,Numérico,Escala 1-2,Q129.5,Pedir apoyo a una sociedad civil (organizarse con otros ciudadanos),,Sí,No,,,,,,,,,,,,,,,,,,,,,,,,,,,,,,,
278,Numérico,Escala 1-2,Q129.6,Asistir a manifestaciones y/o marchas,,Sí,No,,,,,,,,,,,,,,,,,,,,,,,,,,,,,,,
279,Numérico,Escala 1-2,Q129.7,"Colocar mantas, carteles o fotografías",,Sí,No,,,,,,,,,,,,,,,,,,,,,,,,,,,,,,,
280,Numérico,Escala 1-2,Q129.8,Repartir circularees o manifiestos,,Sí,No,,,,,,,,,,,,,,,,,,,,,,,,,,,,,,,
281,Numérico,Escala 1-2,Q129.9,"Enviar mensajes, opiniones, imágenes por redes sociales",,Sí,No,,,,,,,,,,,,,,,,,,,,,,,,,,,,,,,
282,Numérico,Escala 1-2,Q129.10,Usar una aplicación o herramienta electrónica de denuncia ciudadana,,Sí,No,,,,,,,,,,,,,,,,,,,,,,,,,,,,,,,
283,Numérico,Escala 1-2,Q129.11,"Hizo algo para resolver un problema con sus vecinos (baches, alumbrado, limpia, etc.)",,Sí,No,,,,,,,,,,,,,,,,,,,,,,,,,,,,,,,
284,Numérico,Escala 1-2,Q129.12,Vigilar la correcta realización de alguna obra pública,,Sí,No,,,,,,,,,,,,,,,,,,,,,,,,,,,,,,,
285,Numérico,Escala 1-2,Q129.13,"Bloquear calles, avenidas, carreteras",,Sí,No,,,,,,,,,,,,,,,,,,,,,,,,,,,,,,,
286,Numérico,Escala 1-2,Q129.14,Mitin político,,Sí,No,,,,,,,,,,,,,,,,,,,,,,,,,,,,,,,
287,Numérico,Escala 1-3,Q130,"Para usted, votar es...",,Importante ,Poco importante ,Nada importante ,,,,,,,,,,,,,,,,,,,,,,,,,,,,,,
288,Cadena,Texto,Q131,"Por favor, diga el porqué de su respuesta anterior",,,,,,,,,,,,,,,,,,,,,,,,,,,,,,,,,,
289,Numérico,Escala 1-2,Q133.0,¿Conoce o ha escuchado hablar de Plan Estratégico de Juárez A.C.?GENERAL,,Sí conoce,No conoce ,,,,,,,,,,,,,,,,,,,,,,,,,,,,,,,
290,Numérico,Escala 1-3,Q133,¿Conoce o ha escuchado hablar de Plan Estratégico de Juárez A.C.? SIN APOYO VISUAL,,Sí recordo sin apoyo visual ,No recordo sin apoyo visual ,,,,,,,,,,,,,,,,,,,,,,,,,,,,,,,
291,Numérico,Escala 1-3,Q134,¿Conoce o ha escuchado hablar de Plan Estratégico de Juárez A.C.? CON APOYO VISUAL,,Sí recordo con apoyo visual ,No recordo con apoyo visual ,,,,,,,,,,,,,,,,,,,,,,,,,,,,,,,
292,Numérico,Escala 1-5,Q135.1,PEJ es una asociación apartidista y ciudadana,,Totalmente de acuerdo ,Parcialmente de acuerdo ,Parcialmente en desacuerdo ,Totalmente en desacuerdo ,NS/NC,,,,,,,,,,,,,,,,,,,,,,,,,,,,
293,Numérico,Escala 1-5,Q135.2,PEJ es una organización con credibilidad,,Totalmente de acuerdo ,Parcialmente de acuerdo ,Parcialmente en desacuerdo ,Totalmente en desacuerdo ,NS/NC,,,,,,,,,,,,,,,,,,,,,,,,,,,,
294,Numérico,Escala 1-5,Q135.3,PEJ es propositiva,,Totalmente de acuerdo ,Parcialmente de acuerdo ,Parcialmente en desacuerdo ,Totalmente en desacuerdo ,NS/NC,,,,,,,,,,,,,,,,,,,,,,,,,,,,
295,Numérico,Escala 1-2,Q137,Sexo,,Mujer ,Hombre,,,,,,,,,,,,,,,,,,,,,,,,,,,,,,,
297,Numérico,Escala 1-4,Q139,Rango de edad,,18-29 años ,30-44 años ,45-59 años ,60 años o mas ,,,,,,,,,,,,,,,,,,,,,,,,,,,,,
298,Numérico,Escala 1-12,Q140,¿Cuál es el grado de escolaridad?,,Analfabeta,Primaria terminada,Primaria incompleta,Secundaria terminada,Secundaria incompleta ,Preparatoria terminada ,Preparatoria incompleta,Universidad terminada,Universidad incompleta,Carrera tecnica terminada,Carrera tecnica incompleta,Sabe leer y escribir (no fue a la escuela),,,,,,,,,,,,,,,,,,,,,
299,Numérico,Escala 1-9,Q141,Ocupación,,Hogar,Empleado de empresa privada ,Empleado de empresa publica ,Desempleado ,Estudiante,Estudiante que trabaja ,Empleador/Empresario,Jubilado/pensionado,Cuenta propia/autoempleador,,,,,,,,,,,,,,,,,,,,,,,,
300,Numérico,Escala 1-2,Q142,¿Cuenta con Seguro Social (IMSS)?,,Si,No,,,,,,,,,,,,,,,,,,,,,,,,,,,,,,,
301,Numérico,Escala 1-18,Q143,"Durante 2021, ¿cuál fue su rango de ingreso PERSONAL por semana? (Dejar vacío si no aplica porque el(la) entrevistado(a) no percibe ningún ingreso).",,"$0.00 a $1,493.73","$1,493.73 a $2,987.46","$2,987.46 a $4,481.19","$4,481.19 a $5974.92","$5,974.92 a $7,468.65","$7,468.65 a $8,962.38","$8,962.38 a $10,456.11","$10,456.11 a $11,949.84","$11,949.84 a $13,443.57","$13,443.57 a $14,937.30","$14,937.3 a $16,431.03","$16,431.03 a $17,924.76","$17,924.76 a $19,418.49","$19,418.49 a $20,912.22","$20,912.22 a $22,405.95","$22,405.95 a $23,899.68","$23,899.68 a $25,393.41","MÃ¡s de $25,393.41",,,,,,,,,,,,,,,
302,Numérico,Escala 1-18,Q144,"Durante 2021, ¿cuál fue su rango de ingreso FAMILIAR por semana?",,"$0.00 a $1,493.73","$1,493.73 a $2,987.46","$2,987.46 a $4,481.19","$4,481.19 a $5974.92","$5,974.92 a $7,468.65","$7,468.65 a $8,962.38","$8,962.38 a $10,456.11","$10,456.11 a $11,949.84","$11,949.84 a $13,443.57","$13,443.57 a $14,937.30","$14,937.3 a $16,431.03","$16,431.03 a $17,924.76","$17,924.76 a $19,418.49","$19,418.49 a $20,912.22","$20,912.22 a $22,405.95","$22,405.95 a $23,899.68","$23,899.68 a $25,393.41","MÃ¡s de $25,393.41",,,,,,,,,,,,,,,
303,Cadena,Numerico,Q145,A Indique si es un periodo distinto a la semana,,,,,,,,,,,,,,,,,,,,,,,,,,,,,,,,,,
304,Cadena,Texto,Q146,Colonia,,,,,,,,,,,,,,,,,,,,,,,,,,,,,,,,,,
305,Numérico,Escala 1-2,Q147,¿Fue supervisado?,,Si ,No,,,,,,,,,,,,,,,,,,,,,,,,,,,,,,,
306,Cadena,Texto,Q148,Nombre del supervisor,,,,,,,,,,,,,,,,,,,,,,,,,,,,,,,,,,
