n,Tipo de pregunta,Tipo de respuesta,Nombre SPSS,Pregunta,0,1,2,3,4,5,6,7,8,9,10,11,12,13,14,15,16,17,18,19,20
1,Fecha,Fecha,date,Surveyed Date,,,,,,,,,,,,,,,,,,,,,
2,Fecha,Fecha,endDate,Surveyed End Date,,,,,,,,,,,,,,,,,,,,,
3,Numérico,Numérico,resultId,Result Id,,,,,,,,,,,,,,,,,,,,,
4,Cadena,Texto,device,Device Name,,,,,,,,,,,,,,,,,,,,,
5,Numérico,Numérico,Q1,AGEB,,,,,,,,,,,,,,,,,,,,,
6,Numérico,Numérico,Q2,Distrito electoral local,,,,,,,,,,,,,,,,,,,,,
7,Numérico,Escala 1-5,Q4,"En comparación con el año pasado, ¿diría usted que su situación económica personal ha mejorado, ha empeorado o sigue igual?(situación del 2021 con respecto a 2020)",Empeorado mucho,Empeorado algo ,Igual ,Mejorado algo ,Mejorado mucho ,NS/NC,,,,,,,,,,,,,,,
8,Numérico,Escala 1-5,Q5,"Con el total del ingreso familiar, ¿usted diría que...? (En 2021)",,Les alcanza bien y pueden ahorrar ,"Les alcanza justo, sin grandes dificultades ",No les alcanza y tienen dificultades ,No les alcanza y tienen grandes dificultades ,NC/NS,,,,,,,,,,,,,,,
9,Numérico,Escala 1-5,Q6,"En el Ãºltimo aÃ±o (2021), Â¿con quÃ© frecuencia pensÃ³ en irse de la ciudad?",,Muchas veces ,Algunas veces,Pocas veces ,Nunca,NS/NC,,,,,,,,,,,,,,,
10,Numérico,Calificacion 1-10,Q7,"Considerando una escala del 1 al 10, donde 1 significa ""nada feliz"" y 10 ""muy feliz"", ¿qué tan feliz es usted?",,,,,,,,,,,,,,,,,,,,,
11,Numérico,Calificacion 1-10,Q8,"Considerando una escala del 1 al 10, donde 1 significa ""nada satisfecho"" y 10 ""muy satisfecho"", ¿qué tan satisfecho está usted con SU VIDA FAMILIAR?",,,,,,,,,,,,,,,,,,,,,
12,Numérico,Calificacion 1-10,Q9,"Considerando una escala del 1 al 10, donde 1 significa ""nada satisfecho"" y 10 ""muy satisfecho"", ¿qué tan satisfecho está usted con SU SALUD FÍSICA?",,,,,,,,,,,,,,,,,,,,,
13,Numérico,Calificacion 1-10,Q10,"Considerando una escala del 1 al 10, donde 1 significa ""nada satisfecho"" y 10 ""muy satisfecho"", ¿qué tan satisfecho está usted con SU SALUD MENTAL?",,,,,,,,,,,,,,,,,,,,,
14,Numérico,Calificacion 1-10,Q11,"Considerando una escala del 1 al 10, donde 1 significa ""nada satisfecho"" y 10 ""muy satisfecho"", ¿qué tan satisfecho está¡ usted con SU APARIENCIA?",,,,,,,,,,,,,,,,,,,,,
15,Numérico,Calificacion 1-10,Q12,"Considerando una escala del 1 al 10, donde 1 significa ""nada satisfecho"" y 10 ""muy satisfecho"",¿qué tan satisfecho está usted con LA CIUDAD EN LA QUE VIVE?",,,,,,,,,,,,,,,,,,,,,
16,Numérico,Calificacion 1-10,Q13,"Considerando una escala del 1 al 10, donde 1 significa ""nada satisfecho"" y 10 ""muy satisfecho"", ¿qué tan satisfecho está usted con SU VIDA SOCIAL?",,,,,,,,,,,,,,,,,,,,,
17,Numérico,Calificacion 1-10,Q14,"Considerando una escala del 1 al 10, donde 1 significa ""nada satisfecho"" y 10 ""muy satisfecho"", ¿qué tan satisfecho estÃ¡ usted con SU TRABAJO? SI NO TRABAJA, DEJAR VACÍO",,,,,,,,,,,,,,,,,,,,,
18,Numérico,Escala 1-5,Q7.1,"Considerando una escala del 1 al 5, donde 1 significa ""nada feliz"" y 10 ""muy feliz"", ¿qué tan feliz es usted?",,Muy infeliz ,Poco feliz ,Algo feliz ,Feliz ,Muy feliz ,NC/NS,,,,,,,,,,,,,,
19,Numérico,Escala 1-5,Q8.1,"Considerando una escala del 1 al 5, donde 1 significa ""nada satisfecho"" y 10 ""muy satisfecho"", ¿qué tan satisfecho está usted con SU VIDA FAMILIAR?",,Muy insatisfecho ,Poco insatisfecho ,Algo satisfecho,Satisfecho ,Muy satisfecho ,NS/NC,,,,,,,,,,,,,,
20,Numérico,Escala 1-5,Q9.1,"Considerando una escala del 1 al 5, donde 1 significa ""nada satisfecho"" y 10 ""muy satisfecho"", ¿qué tan satisfecho está usted con SU SALUD FÍSICA?",,Muy insatisfecho ,Poco insatisfecho ,Algo satisfecho,Satisfecho ,Muy satisfecho ,NS/NC,,,,,,,,,,,,,,
21,Numérico,Escala 1-5,Q10.1,"Considerando una escala del 1 al 5, donde 1 significa ""nada satisfecho"" y 10 ""muy satisfecho"", ¿qué tan satisfecho está usted con SU SALUD MENTAL?",,Muy insatisfecho ,Poco insatisfecho ,Algo satisfecho,Satisfecho ,Muy satisfecho ,NS/NC,,,,,,,,,,,,,,
22,Numérico,Escala 1-5,Q11.1,"Considerando una escala del 1 al 5, donde 1 significa ""nada satisfecho"" y 10 ""muy satisfecho"", ¿qué tan satisfecho está¡ usted con SU APARIENCIA?",,Muy insatisfecho ,Poco insatisfecho ,Algo satisfecho,Satisfecho ,Muy satisfecho ,NS/NC,,,,,,,,,,,,,,
23,Numérico,Escala 1-5,Q12.1,"Considerando una escala del 1 al 5, donde 1 significa ""nada satisfecho"" y 10 ""muy satisfecho"",¿qué tan satisfecho está usted con LA CIUDAD EN LA QUE VIVE?",,Muy insatisfecho ,Poco insatisfecho ,Algo satisfecho,Satisfecho ,Muy satisfecho ,NS/NC,,,,,,,,,,,,,,
24,Numérico,Escala 1-5,Q13.1,"Considerando una escala del 1 al 5, donde 1 significa ""nada satisfecho"" y 10 ""muy satisfecho"", ¿qué tan satisfecho está usted con SU VIDA SOCIAL?",,Muy insatisfecho ,Poco insatisfecho ,Algo satisfecho,Satisfecho ,Muy satisfecho ,NS/NC,,,,,,,,,,,,,,
25,Numérico,Escala 1-5,Q14.1,"Considerando una escala del 1 al 5, donde 1 significa ""nada satisfecho"" y 10 ""muy satisfecho"", ¿qué tan satisfecho estÃ¡ usted con SU TRABAJO? SI NO TRABAJA, DEJAR VACÍO",,Muy insatisfecho ,Poco insatisfecho ,Algo satisfecho,Satisfecho ,Muy satisfecho ,NS/NC,,,,,,,,,,,,,,
26,Cadena,Texto,Q15,"En pocas palabras, ¿cuáles son las 3 cosas que más le preocupan o les teme respecto a su futuro, pensando en los próximos 10 años? ASPECTO 1",,,,,,,,,,,,,,,,,,,,,
27,Cadena,Texto,Q15Codigo,"En pocas palabras, ¿cuáles son las 3 cosas que más le preocupan o les teme respecto a su futuro, pensando en los próximos 10 años? ASPECTO 1",,,,,,,,,,,,,,,,,,,,,
28,Cadena,Texto,Q16,"En pocas palabras, ¿cuáles son las 3 cosas que más le preocupan o les teme respecto a su futuro, pensando en los próximos 10 años? ASPECTO 2",,,,,,,,,,,,,,,,,,,,,
29,Cadena,Texto,Q16Codigo,"En pocas palabras, ¿cuáles son las 3 cosas que más le preocupan o les teme respecto a su futuro, pensando en los próximos 10 años? ASPECTO 2",,,,,,,,,,,,,,,,,,,,,
30,Cadena,Texto,Q17,"En pocas palabras, ¿cuáles son las 3 cosas que más le preocupan o les teme respecto a su futuro, pensando en los próximos 10 años? ASPECTO 3",,,,,,,,,,,,,,,,,,,,,
31,Cadena,Texto,Q17Codigo,"En pocas palabras, ¿cuáles son las 3 cosas que más le preocupan o les teme respecto a su futuro, pensando en los próximos 10 años? ASPECTO 3",,,,,,,,,,,,,,,,,,,,,
32,Cadena,Texto,Q18,"En pocas palabras, ¿cuáles son las 3 cosas que más le motivan e inspiran respecto a su futuro, pensando en los próximos 10 años? ASPECTO1",,,,,,,,,,,,,,,,,,,,,
33,Cadena,Texto,Q18Codigo,"En pocas palabras, ¿cuáles son las 3 cosas que más le motivan e inspiran respecto a su futuro, pensando en los próximos 10 años? ASPECTO1",,,,,,,,,,,,,,,,,,,,,
34,Cadena,Texto,Q19,"En pocas palabras, ¿cuáles son las 3 cosas que más le motivan e inspiran respecto a su futuro, pensando en los próximos 10 años? ASPECTO2",,,,,,,,,,,,,,,,,,,,,
35,Cadena,Texto,Q19Codigo,"En pocas palabras, ¿cuáles son las 3 cosas que más le motivan e inspiran respecto a su futuro, pensando en los próximos 10 años? ASPECTO2",,,,,,,,,,,,,,,,,,,,,
36,Cadena,Texto,Q20,"En pocas palabras, ¿cuáes son las 3 cosas que más le motivan e inspiran respecto a su futuro, pensando en los próximos 10 años? ASPECTO3",,,,,,,,,,,,,,,,,,,,,
37,Cadena,Texto,Q20Codigo,"En pocas palabras, ¿cuáes son las 3 cosas que más le motivan e inspiran respecto a su futuro, pensando en los próximos 10 años? ASPECTO3",,,,,,,,,,,,,,,,,,,,,
38,Numérico,Escala 1-2,Q22,"En su familia, ¿hay por lo menos 1 o más estudiantes de cualquier nivel educativo?",,Sí,No ,,,,,,,,,,,,,,,,,,
39,Numérico,Calificacion 1-10,Q23,"En una escala del 1 al 10, ¿qué tan satisfecho está con la educación que recibe? EDUCACIÓN BÁSICA: PRIMARIA Y SECUNDARIA (Si no hay estudiantes de ese nivel educativo, dejar vacío)",,,,,,,,,,,,,,,,,,,,,
40,Numérico,Calificacion 1-10,Q24,"En una escala del 1 al 10, ¿qué tan satisfecho está con la educación que recibe? EDUCACIÓN MEDIA (Si no hay estudiantes de ese nivel educativo, dejar vacío)",,,,,,,,,,,,,,,,,,,,,
41,Numérico,Calificacion 1-10,Q25,"En una escala del 1 al 10,¿qué tan satisfecho está con la educación que recibe? EDUCACIÓN SUPERIOR (Si no hay estudiantes de ese nivel educativo, dejar vacío)",,,,,,,,,,,,,,,,,,,,,
42,Numérico,Escala 1-5,Q23.1,"En una escala del 1 al 5, ¿qué tan satisfecho está con la educación que recibe? EDUCACIÓN BÁSICA: PRIMARIA Y SECUNDARIA (Si no hay estudiantes de ese nivel educativo, dejar vacío)",,Muy insatisfecho ,Poco insatisfecho ,Algo satisfecho,Satisfecho ,Muy satisfecho ,NS/NC,,,,,,,,,,,,,,
43,Numérico,Escala 1-5,Q24.1,"En una escala del 1 al 5, ¿qué tan satisfecho está con la educación que recibe? EDUCACIÓN MEDIA (Si no hay estudiantes de ese nivel educativo, dejar vacío)",,Muy insatisfecho ,Poco insatisfecho ,Algo satisfecho,Satisfecho ,Muy satisfecho ,NS/NC,,,,,,,,,,,,,,
44,Numérico,Escala 1-5,Q25.1,"En una escala del 1 al 5,¿qué tan satisfecho está con la educación que recibe? EDUCACIÓN SUPERIOR (Si no hay estudiantes de ese nivel educativo, dejar vacío)",,Muy insatisfecho ,Poco insatisfecho ,Algo satisfecho,Satisfecho ,Muy satisfecho ,NS/NC,,,,,,,,,,,,,,
45,Numérico,Escala 1-2,Q27.1,Asistió a un casino o centro de apuestas,,Sí,No,,,,,,,,,,,,,,,,,,
46,Numérico,Escala 1-2,Q27.2,Asistió a un parque recreativo,,Sí,No,,,,,,,,,,,,,,,,,,
47,Numérico,Escala 1-2,Q27.3,Escuchó radio,,Sí,No,,,,,,,,,,,,,,,,,,
48,Numérico,Escala 1-2,Q27.4,"Leyó un libro en papel, PC o dispositivo móvil",,Sí,No,,,,,,,,,,,,,,,,,,
49,Numérico,Escala 1-2,Q27.5,Usó internet para diversión,,Sí,No,,,,,,,,,,,,,,,,,,
50,Numérico,Escala 1-2,Q27.6,"Vio una película, serie, documental comprada o rentada en alguna plataforma digital (Netflix, Amazon Prime, Disney)",,Sí,No,,,,,,,,,,,,,,,,,,
51,Numérico,Escala 1-2,Q27.7,Fue a un parque o estuvo en contacto con la naturaleza,,Sí,No,,,,,,,,,,,,,,,,,,
52,Numérico,Escala 1-2,Q27.8,"Fue a una cantina, bar o antro",,Sí,No,,,,,,,,,,,,,,,,,,
53,Numérico,Escala 1-2,Q27.9,Vio TV abierta,,Sí,No,,,,,,,,,,,,,,,,,,
54,Numérico,Escala 1-2,Q27.10,Jugó videojuegos,,Sí,No,,,,,,,,,,,,,,,,,,
55,Numérico,Escala 1-2,Q27.11,Visitó un centro comercial o plaza comercial,,Sí,No,,,,,,,,,,,,,,,,,,
56,Numérico,Escala 1-2,Q28.1,Netflix,No seleccionada ,Seleccionada ,,,,,,,,,,,,,,,,,,,
57,Numérico,Escala 1-2,Q28.2,Amazon Prime,No seleccionada ,Seleccionada ,,,,,,,,,,,,,,,,,,,
58,Numérico,Escala 1-2,Q28.3,Claro Video,No seleccionada ,Seleccionada ,,,,,,,,,,,,,,,,,,,
59,Numérico,Escala 1-2,Q28.4,Blim,No seleccionada ,Seleccionada ,,,,,,,,,,,,,,,,,,,
60,Numérico,Escala 1-2,Q28.5,Disney +,No seleccionada ,Seleccionada ,,,,,,,,,,,,,,,,,,,
61,Numérico,Escala 1-2,Q28.6,Google Play,No seleccionada ,Seleccionada ,,,,,,,,,,,,,,,,,,,
62,Numérico,Escala 1-2,Q28.7,Cinépolis Click,No seleccionada ,Seleccionada ,,,,,,,,,,,,,,,,,,,
63,Numérico,Escala 1-2,Q28.8,YouTube,No seleccionada ,Seleccionada ,,,,,,,,,,,,,,,,,,,
64,Numérico,Escala 1-2,Q28.9,"Películas/series/videos en físico (DVD, BluRay, etc.)",No seleccionada ,Seleccionada ,,,,,,,,,,,,,,,,,,,
65,Numérico,Escala 1-2,Q28.11,Otra (especifique):,No seleccionada ,Seleccionada ,,,,,,,,,,,,,,,,,,,
66,Cadena,,Q28.11.1,Other,,,,,,,,,,,,,,,,,,,,,
67,Numérico,Escala 1-4,Q29.1.1,Fue al cine : Evento o lugar organizado por Gobierno,,Gobierno ,Privado,No realizo ,Ambos ,,,,,,,,,,,,,,,,
68,Numérico,Escala 1-4,Q29.2.1,Asistió a una biblioteca : Evento o lugar organizado por Gobierno,,Gobierno ,Privado,No realizo ,Ambos ,,,,,,,,,,,,,,,,
69,Numérico,Escala 1-4,Q29.3.1,Asistió a un concierto o espectáculo de música : Evento o lugar organizado por Gobierno,,Gobierno ,Privado,No realizo ,Ambos ,,,,,,,,,,,,,,,,
70,Numérico,Escala 1-4,Q29.4.1,"Asistió a una feria, fiesta popular o festividad religiosa : Evento o lugar organizado por Gobierno",,Gobierno ,Privado,No realizo ,Ambos ,,,,,,,,,,,,,,,,
71,Numérico,Escala 1-4,Q29.5.1,"Asistió a un museo, galería o casa de cultura : Evento o lugar organizado por Gobierno",,Gobierno ,Privado,No realizo ,Ambos ,,,,,,,,,,,,,,,,
72,Numérico,Escala 1-4,Q29.6.1,Vio un espectáculo de teatro o danza : Evento o lugar organizado por Gobierno,,Gobierno ,Privado,No realizo ,Ambos ,,,,,,,,,,,,,,,,
73,Numérico,Escala 1-4,Q29.7.1,"Visitó una zona histórica o arqueológica, monumentos : Evento o lugar organizado por Gobierno",,Gobierno ,Privado,No realizo ,Ambos ,,,,,,,,,,,,,,,,
74,Numérico,Escala 1-4,Q29.8.1,"Asistió a conferencias, conversatorios, coloquios : Evento o lugar organizado por Gobierno",,Gobierno ,Privado,No realizo ,Ambos ,,,,,,,,,,,,,,,,
75,Numérico,Escala 1-4,Q29.9.1,Asistió a un espectáculo deportivo : Evento o lugar organizado por Gobierno,,Gobierno ,Privado,No realizo ,Ambos ,,,,,,,,,,,,,,,,
76,Numérico,Escala 1-4,Q29.10.1,Realizó un deporte o actividad física : Evento o lugar organizado por Gobierno,,Gobierno ,Privado,No realizo ,Ambos ,,,,,,,,,,,,,,,,
77,Numérico,Escala 1-3,Q30.1,Casa,,Sí ,No ,NA,,,,,,,,,,,,,,,,,
78,Numérico,Escala 1-3,Q30.2,Trabajo (si no trabaja marcar NA),,Sí ,No ,NA,,,,,,,,,,,,,,,,,
79,Numérico,Escala 1-3,Q30.3,"Su escuela (si la persona entrevistada no estudia, marcar NA)",,Sí ,No ,NA,,,,,,,,,,,,,,,,,
80,Numérico,Escala 1-3,Q31,¿Cuenta con internet en su celular?,,Sí ,No ,NA,,,,,,,,,,,,,,,,,
81,Numérico,Escala 1-2,Q32.1,Por WiFi,No seleccionada ,Seleccionada ,,,,,,,,,,,,,,,,,,,
82,Numérico,Escala 1-2,Q32.2,Por PLAN (paga una mensualidad),No seleccionada ,Seleccionada ,,,,,,,,,,,,,,,,,,,
83,Numérico,Escala 1-2,Q32.3,Por PREPAGO (pone recarga),No seleccionada ,Seleccionada ,,,,,,,,,,,,,,,,,,,
84,Numérico,Escala 1-2,Q33,"¿Utiliza por lo menos 1 red social? (Facebook, Twitter, WhatsApp, Instagram, etc.)",,Sí cuenta con alguna red social ,No cuenta con ninguna red social ,,,,,,,,,,,,,,,,,,
85,Numérico,Escala 1-2,Q34.1,Facebook,,Sí ,No ,,,,,,,,,,,,,,,,,,
86,Numérico,Escala 1-2,Q34.2,Twitter,,Sí ,No ,,,,,,,,,,,,,,,,,,
87,Numérico,Escala 1-2,Q34.3,LinkedIn,,Sí ,No ,,,,,,,,,,,,,,,,,,
88,Numérico,Escala 1-2,Q34.4,Instagram,,Sí ,No ,,,,,,,,,,,,,,,,,,
89,Numérico,Escala 1-2,Q34.5,WhatsApp,,Sí ,No ,,,,,,,,,,,,,,,,,,
90,Numérico,Escala 1-2 y texto ,Q35,¿Tiene alguna otra red social?,,Sí ,No ,,,,,,,,,,,,,,,,,,
91,Cadena,,Q35.1.1,Other,,,,,,,,,,,,,,,,,,,,,
92,Numérico,Escala 1-2,Q36.1,Diversión y entretenimiento,,Sí ,No ,,,,,,,,,,,,,,,,,,
93,Numérico,Escala 1-2,Q36.2,"Difusión de movimientos, ideas, pensamientos políticos, sociales y/o religiosos",,Sí ,No ,,,,,,,,,,,,,,,,,,
94,Numérico,Escala 1-2,Q36.3,Para intercambio de información de grupos de trabajo/escuela,,Sí ,No ,,,,,,,,,,,,,,,,,,
95,Numérico,Escala 1-2,Q36.4,Ver noticias,,Sí ,No ,,,,,,,,,,,,,,,,,,
96,Numérico,Escala 1-2,Q36.5,Compras,,Sí ,No ,,,,,,,,,,,,,,,,,,
97,Numérico,Escala 1-2,Q38.1,IMSS,No seleccionada ,Seleccionada ,,,,,,,,,,,,,,,,,,,
98,Numérico,Escala 1-2,Q38.2,ISSSTE,No seleccionada ,Seleccionada ,,,,,,,,,,,,,,,,,,,
99,Numérico,Escala 1-2,Q38.3,Seguro Popular/INSABI,No seleccionada ,Seleccionada ,,,,,,,,,,,,,,,,,,,
100,Numérico,Escala 1-2,Q38.4,MÃ©dicos de farmacias/genÃ©ricos,No seleccionada ,Seleccionada ,,,,,,,,,,,,,,,,,,,
101,Numérico,Escala 1-2,Q38.5,Servicio mÃ©dico privado/particulares,No seleccionada ,Seleccionada ,,,,,,,,,,,,,,,,,,,
102,Numérico,Escala 1-2,Q38.6,No tiene servicio mÃ©dico,No seleccionada ,Seleccionada ,,,,,,,,,,,,,,,,,,,
103,Numérico,Texto,Q38.8,Otro (especifique cuÃ¡l):,No seleccionada ,Seleccionada ,,,,,,,,,,,,,,,,,,,
104,Cadena,,Q38.8.1,Other,,,,,,,,,,,,,,,,,,,,,
105,Numérico,Escala 1-8,Q39,"Aunque ya mencionÃ³ cuÃ¡l servicio mÃ©dico tiene, Â¿cuÃ¡l es el que USA? (Al que MÃ?S acude/usa cuando se enferma)",,IMSS,ISSSTE,Seguro popular/INSABI,Servicio médico privado/ particulares,Servicio médico privado/particular,No usa ningún tipo de servicio médico,,Otro,,,,,,,,,,,,
106,Cadena,,Q39.1.1,Other,,,,,,,,,,,,,,,,,,,,,
107,Numérico,Calificacion 1-10,Q40,"En una escala del 1 al 10, ¿qué tan satisfecho/a está en GENERAL con la atención y calidad de los servicios de salud que recibe del servicio médico que usa?",,,,,,,,,,,,,,,,,,,,,
108,Numérico,Calificacion 1-10,Q41,"En escala del 1 al 10, ¿qué tan satisfecho está con las INSTALACIONES del servicio médico que usa?",,,,,,,,,,,,,,,,,,,,,
109,Numérico,Calificacion 1-10,Q42,"En escala del 1 al 10, ¿qué tan satisfecho está con el TRATO DE LOS MÉDICOS del servicio médico que usa?",,,,,,,,,,,,,,,,,,,,,
110,Numérico,Calificacion 1-10,Q43,"En escala del 1 al 10, ¿qué tan satisfecho está con el TIEMPO QUE TARDA EN SER ATENDIDO del servicio médico que usa?",,,,,,,,,,,,,,,,,,,,,
111,Numérico,Calificacion 1-10,Q44,"En escala del 1 al 10, ¿qué tan satisfecho está con la DISPONIBILIDAD DE MEDICINAS del servicio médico que usa?",,,,,,,,,,,,,,,,,,,,,
112,Numérico,Calificacion 1-10,Q45,"En escala del 1 al 10, ¿qué tan satisfecho está con la CALIDAD DEL SERVICIO del servicio médico que usa?",,,,,,,,,,,,,,,,,,,,,
113,Numérico,Calificacion 1-10,Q46,"En escala del 1 al 10, ¿qué tan satisfecho está con la ATENCIÓN RECIBIDA del servicio médico que usa?",,,,,,,,,,,,,,,,,,,,,
114,Numérico,Calificacion 1-10,Q47,"En escala del 1 al 10, ¿qué tan satisfecho está con la CERCANÍA CON LOS CENTROS DE SALUD del servicio mÃ©dico que usa?",,,,,,,,,,,,,,,,,,,,,
115,Numérico,Calificacion 1-5,SatisfServSaludUsa1a5,¿Qué tan satisfecho está en general con la atención y calidad de los servicios que recibe de la principal institución en la que se atiende (la que usa) cuando requiere servicios de salud? Escala 1 a 5,,,,,,,,,,,,,,,,,,,,,
116,Numérico,Calificacion 1-5,Instalaciones1a5,Calificación de las instalaciones del servicio médico que recibe Escala 1 a 5,,,,,,,,,,,,,,,,,,,,,
117,Numérico,Calificacion 1-5,TratoMedicos1a5,Calificación del trato de los médicos del servicio médico que recibe Escala 1 a 5,,,,,,,,,,,,,,,,,,,,,
118,Numérico,Calificacion 1-5,TiempoAtencion1a5,Calificación del tiempo en que tarda en ser atendido en el servicio médico que recibe Escala 1 a 5,,,,,,,,,,,,,,,,,,,,,
119,Numérico,Calificacion 1-5,Medicinas1a5,Calificación de la disponibilidad de medicinas en el servicio médico que recibe Escala 1 a 5,,,,,,,,,,,,,,,,,,,,,
120,Numérico,Calificacion 1-5,CalidadServicio1a5,Calificación de la calidad del servicio médico que recibe Escala 1 a 5,,,,,,,,,,,,,,,,,,,,,
121,Numérico,Calificacion 1-5,Atencion1a5,Calificación de la atención recibida en el servicio médico Escala 1 a 5,,,,,,,,,,,,,,,,,,,,,
122,Numérico,Calificacion 1-5,Cercania1a5,Cercanía con los centros de salud del servicio médico que recibe Escala 1 a 5,,,,,,,,,,,,,,,,,,,,,
123,Numérico,Escala 1-2,Q49,"En el 2021, ¿usted pensado en alguna ocasión en suicidarse?",,Sí,No,,,,,,,,,,,,,,,,,,
124,Numérico,Escala 1-2,Q50,"En el 2021, ¿usted intentado suicidarse?",,No,,SÍ,,,,,,,,,,,,,,,,,
125,Numérico,Numérico,Q50.1.1,¿Cuántas veces lo has intentado?,,,,,,,,,,,,,,,,,,,,,
126,Numérico,Escala 1-2,Q51,"En el 2021, ¿algún menor de edad que viva en este domicilio intentó suicidarse?",,No/no sabe ,Sí ,,,,,,,,,,,,,,,,,,
127,Numérico,Numérico,Q51.1.1,¿Cuántas veces lo ha intentado el menor de edad?,,,,,,,,,,,,,,,,,,,,,
128,Numérico,Calificacion 1-10,Q53,"En una escala del 1 al 10, ¿qué tan satisfecho está con LA CASA EN LA QUE VIVE?",,,,,,,,,,,,,,,,,,,,,
129,Numérico,Calificacion 1-10,Q54,"En una escala del 1 al 10, ¿qué tan satisfecho está con LA CALIDAD DE LOS MATERIALES DE LA VIVIENDA?",,,,,,,,,,,,,,,,,,,,,
130,Numérico,Calificacion 1-10,Q55,"En una escala del 1 al 10, ¿qué tan satisfecho está con EL TAMAÑO Y ESPACIOS DE LA VIVIENDA?",,,,,,,,,,,,,,,,,,,,,
131,Numérico,Calificacion 1-10,Q56,"En una escala del 1 al 10, ¿qué tan satisfecho está con LA ACCESIBILIDAD DE LA UBICACIÓN DE SU VIVIENDA? (Cercanía con centros comerciales, trabajo, escuelas, avenidas principales, etc.)",,,,,,,,,,,,,,,,,,,,,
132,Numérico,Escala 1-6,Q53.1,¿Qué tan satisfecho está con la casa en la que vive? 1 a 5,,Muy insatisfecho,Poco satisfecho ,Algo satisfecho,Satisfecho ,Muy satisfecho ,NS/NC,,,,,,,,,,,,,,
133,Numérico,Escala 1-6,Q54.1,¿Qué tan satisfecho se encuentra con la calidad de los materiales de la vivienda? 1 a 5,,Muy insatisfecho,Poco satisfecho ,Algo satisfecho,Satisfecho ,Muy satisfecho ,NS/NC,,,,,,,,,,,,,,
134,Numérico,Escala 1-6,Q55.1,¿Qué tan satisfecho esta con el tamaño y espacios de la vivienda? 1 a 5,,Muy insatisfecho,Poco satisfecho ,Algo satisfecho,Satisfecho ,Muy satisfecho ,NS/NC,,,,,,,,,,,,,,
135,Numérico,Escala 1-6,Q56.1,"¿Qué tan satisfecho esta con la accesibilidad de ubicación (cercano a centros comerciales, avenidas principales, escuelas)? 1 a 5",,Muy insatisfecho,Poco satisfecho ,Algo satisfecho,Satisfecho ,Muy satisfecho ,NS/NC,,,,,,,,,,,,,,
136,Numérico,Calificacion 1-10,Q57,"En una escala del 1 al 10, ¿qué tan satisfecho está con el SERVICIO DEL AGUA?",,,,,,,,,,,,,,,,,,,,,
137,Numérico,Calificacion 1-10,Q58,"En una escala del 1 al 10, ¿qué tan satisfecho estÃ¡ con el SERVICIO DE RECOLECCIÓN DE BASURA?",,,,,,,,,,,,,,,,,,,,,
138,Numérico,Calificacion 1-10,Q59,"En una escala del 1 al 10, ¿qué tan satisfecho está con el SERVICIO DE ALUMBRADO PÚBLICO?",,,,,,,,,,,,,,,,,,,,,
139,Numérico,Calificacion 1-10,Q60,"En una escala del 1 al 10, ¿qué tan satisfecho está con LA SEMAFORIZACIÓN?",,,,,,,,,,,,,,,,,,,,,
140,Numérico,Calificacion 1-10,Q61,"En una escala del 1 al 10, ¿qué tan satisfecho está con LAS SEÑALES VIALES?",,,,,,,,,,,,,,,,,,,,,
141,Numérico,Calificacion 1-10,Q62,"En una escala del 1 al 10, ¿qué tan satisfecho está con LA DISPONIBILIDAD DE ÁREAS VERDES Y ESPACIOS PÚBLICOS CERCA DE SU CASA?",,,,,,,,,,,,,,,,,,,,,
142,Numérico,Calificacion 1-10,Q63,"En una escala del 1 al 10, ¿qué tan satisfecho está con LAS CALLES Y LA PAVIMENTACIÓN?",,,,,,,,,,,,,,,,,,,,,
143,Numérico,Calificacion 1-10,Q64,"En una escala del 1 al 10, ¿qué tan satisfecho está con EL SERVICIO DE ENERGÍA ELÉCTRICA CFE?",,,,,,,,,,,,,,,,,,,,,
144,Numérico,Escala 1-6,Q57.1,¿Qué tan satisfecho está con la calidad del servicio de agua? 1 a 5,,Muy insatisfecho,Poco satisfecho ,Algo satisfecho,Satisfecho ,Muy satisfecho ,NS/NC,,,,,,,,,,,,,,
145,Numérico,Escala 1-6,Q58.1,¿Qué tan satisfecho esta con el servicio de recolección de basura? 1 a 5,,Muy insatisfecho,Poco satisfecho ,Algo satisfecho,Satisfecho ,Muy satisfecho ,NS/NC,,,,,,,,,,,,,,
146,Numérico,Escala 1-6,Q59.1,¿Qué tan satisfecho esta con el servicio de alumbrado público? 1 a 5,,Muy insatisfecho,Poco satisfecho ,Algo satisfecho,Satisfecho ,Muy satisfecho ,NS/NC,,,,,,,,,,,,,,
147,Numérico,Escala 1-6,Q60.1,¿Qué tan satisfecho esta con la semaforización? 1 a 5,,Muy insatisfecho,Poco satisfecho ,Algo satisfecho,Satisfecho ,Muy satisfecho ,NS/NC,,,,,,,,,,,,,,
148,Numérico,Escala 1-6,Q61.1,¿Qué tan satisfecho está con las señales viales? 1 a 5,,Muy insatisfecho,Poco satisfecho ,Algo satisfecho,Satisfecho ,Muy satisfecho ,NS/NC,,,,,,,,,,,,,,
149,Numérico,Escala 1-6,AreasVerdes1a5,¿Qué tan satisfecho está con la disponibilidad de áreas verdes y espacios públicos cerca de su casa? 1 a 5,,Muy insatisfecho,Poco satisfecho ,Algo satisfecho,Satisfecho ,Muy satisfecho ,NS/NC,,,,,,,,,,,,,,
150,Numérico,Escala 1-6,Pavimento1a5,¿Qué tan satisfecho esta con las calles y la pavimentación? 1 a 5,,Muy insatisfecho,Poco satisfecho ,Algo satisfecho,Satisfecho ,Muy satisfecho ,NS/NC,,,,,,,,,,,,,,
151,Numérico,Escala 1-6,Electrica1a5,¿Qué tan satisfecho esta con el servicio de la energía eléctrica (CFE)? 1 a 5,,Muy insatisfecho,Poco satisfecho ,Algo satisfecho,Satisfecho ,Muy satisfecho ,NS/NC,,,,,,,,,,,,,,
152,Numérico,Escala 1-3,Q65,¿Cuenta con unidades deportivas en su colonia?,,Sí,No,NC/NS,,,,,,,,,,,,,,,,,
153,Numérico,Calificacion 1-10,Q66,¿Cómo califica el estado de las unidades deportivas en su colonia?,,,,,,,,,,,,,,,,,,,,,
154,Numérico,Calificacion 1-5,Q66.1,Satisfacción con el estado de las unidades deportivas 1 a 5,,Muy insatisfecho,Poco satisfecho ,Algo satisfecho,Satisfecho ,Muy satisfecho ,,,,,,,,,,,,,,,
155,Numérico,Escala 1-3,Q67,¿Cuenta con bibliotecas en su colonia?,,Sí,No,NC/NS,,,,,,,,,,,,,,,,,
156,Numérico,Calificacion 1-10,Q68,¿Cómo califica el estado de las bibliotecas en su colonia?,,,,,,,,,,,,,,,,,,,,,
157,Numérico,Calificacion 1-5,Q68.1,Satisfacción con el estado de las bibliotecas 1 a 5,,Muy insatisfecho,Poco satisfecho ,Algo satisfecho,Satisfecho ,Muy satisfecho ,,,,,,,,,,,,,,,
158,Numérico,Escala 1-3,Q69,¿Cuenta con centros comunitarios en su colonia?,,Sí,No,NC/NS,,,,,,,,,,,,,,,,,
159,Numérico,Calificacion 1-10,Q70,¿Cómo califica el estado de los centros comunitarios en su colonia?,,,,,,,,,,,,,,,,,,,,,
160,Numérico,Calificacion 1-5,Q70.1,Satisfacción con el estado de los centros comunitarios 1 a 5,,Muy insatisfecho,Poco satisfecho ,Algo satisfecho,Satisfecho ,Muy satisfecho ,,,,,,,,,,,,,,,
161,Numérico,Escala 1-3,Q71,¿Cuenta con banquetas en su colonia?,,Sí,No,NC/NS,,,,,,,,,,,,,,,,,
162,Numérico,Calificacion 1-10,Q72,¿Cómo califica el estado de las banquetas en su colonia?,,,,,,,,,,,,,,,,,,,,,
163,Numérico,Calificacion 1-5,Q72.1,Satisfacción con el estado de las banquetas 1 a 5,,Muy insatisfecho,Poco satisfecho ,Algo satisfecho,Satisfecho ,Muy satisfecho ,,,,,,,,,,,,,,,
164,Numérico,Escala 1-3,Q73,¿Cuenta con espacios para personas con discapacidad en su colonia?,,Sí,No,NC/NS,,,,,,,,,,,,,,,,,
165,Numérico,Calificacion 1-10,Q74,¿Cómo califica el estado de los espacios para personas con discapacidad en su colonia?,,,,,,,,,,,,,,,,,,,,,
166,Numérico,Calificacion 1-5,Q74.1,Satisfacción con el estado de los espacios para personas con discapacidad 1 a 5,,Muy insatisfecho,Poco satisfecho ,Algo satisfecho,Satisfecho ,Muy satisfecho ,,,,,,,,,,,,,,,
167,Numérico,Numérico,Q76,"¿Cuántos vehículos de motor hay disponibles en su hogar? (Si no tiene ninguno, poner 0)",,,,,,,,,,,,,,,,,,,,,
168,Numérico,Escala 1-5,VehMotorEscala,¿Cuántos vehículos de motor hay disponibles en su hogar? Escala,,Uno,Dos ,Tres o más,Ninguno ,,,,,,,,,,,,,,,,
169,Numérico,Escala 1-3,Q77,"¿En su hogar hay algún tipo de bicicletas? (ya sean de niño, adolescente o adulto)",,Sí,No, NS/NC,,,,,,,,,,,,,,,,,
170,Numérico,Numérico,BicicletasTotal,Total de bicicletas en su hogar,,,,,,,,,,,,,,,,,,,,,
171,Numérico,Escala 1-5,BicicletasEscala,¿Cuántas bicicletas hay en su hogar? Escala,,Una ,Dos,Tres ,4 o más,Ninguna ,,,,,,,,,,,,,,,
172,Numérico,Numérico,Q78,¿Cuántas bicicletas para NIÑOS hay disponibles en su hogar? (poner 0 si no se cuenta con ninguna de este tipo),,,,,,,,,,,,,,,,,,,,,
173,Numérico,Numérico,Q79,¿Cuántas bicicletas para ADOLESCENTES hay disponibles en su hogar? (poner 0 si no se cuenta con ninguna de este tipo),,,,,,,,,,,,,,,,,,,,,
174,Numérico,Numérico,Q80,¿Cuántas bicicletas para ADULTOS hay disponibles en su hogar? (poner 0 si no se cuenta con ninguna de este tipo),,,,,,,,,,,,,,,,,,,,,
175,Numérico,Escala 1-2,Q81,¿Usted trabaja o realiza alguna actividad que le genere ingresos?,,Sí,No,,,,,,,,,,,,,,,,,,
176,Numérico,Escala 1-3,TipoTransporteT,"Tipo de transporte que usa cuando va al trabajo (motorizado, no motirizado, ambos)",,Motorizado ,No motorizado ,Ambos,,,,,,,,,,,,,,,,,
177,Numérico,Escala,CantMediosTransporteT,Cantidad de medios de transporte que usa cuando va al trabajo,,Dos o mas medios ,,,,,,,,,,,,,,,,,,,
178,Numérico,Escala 1-2,Q82.1,Caminando,No seleccionada ,Seleccionada ,,,,,,,,,,,,,,,,,,,
179,Numérico,Escala 1-2,Q82.2,Bicicleta,No seleccionada ,Seleccionada ,,,,,,,,,,,,,,,,,,,
180,Numérico,Escala 1-2,Q82.3,Autobús escolar,No seleccionada ,Seleccionada ,,,,,,,,,,,,,,,,,,,
181,Numérico,Escala 1-2,Q82.4,Autobús especial (transporte de personal),No seleccionada ,Seleccionada ,,,,,,,,,,,,,,,,,,,
182,Numérico,Escala 1-2,Q82.5,Taxi,No seleccionada ,Seleccionada ,,,,,,,,,,,,,,,,,,,
183,Numérico,Escala 1-2,Q82.6,Uber/Didi/InDriver o cualquier otro servicio por aplicación,No seleccionada ,Seleccionada ,,,,,,,,,,,,,,,,,,,
184,Numérico,Escala 1-2,Q82.7,Motocicleta,No seleccionada ,Seleccionada ,,,,,,,,,,,,,,,,,,,
185,Numérico,Escala 1-2,Q82.8,Vehículo propio,No seleccionada ,Seleccionada ,,,,,,,,,,,,,,,,,,,
186,Numérico,Escala 1-2,Q82.9,Camión/Rutera/Autobus,No seleccionada ,Seleccionada ,,,,,,,,,,,,,,,,,,,
187,Numérico,Escala 1-2,Q82.10,"EcoBus (antes ViveBus, BravoBus)",No seleccionada ,Seleccionada ,,,,,,,,,,,,,,,,,,,
188,Numérico,Escala 1-2,Q82.12,Otro medio (cuál):,No seleccionada ,Seleccionada ,,,,,,,,,,,,,,,,,,,
189,Cadena,,Q82.12.1,Other,,,,,,,,,,,,,,,,,,,,,
190,Numérico,Escala 1-3,TipoTransporteL,"Tipo de transporte que usa cuando va a cualquier lugar (motorizado, no motirizado, ambos)",,Motorizado ,No motorizado ,Ambos,,,,,,,,,,,,,,,,,
191,Numérico,Escala,CantMediosTransporteL,Cantidad de medios de transporte que usa cuando va a cualquier lugar,,Dos o mas medios ,,,,,,,,,,,,,,,,,,,
192,Numérico,Escala 1-2,Q83.1,Caminando,No seleccionada ,Seleccionada ,,,,,,,,,,,,,,,,,,,
193,Numérico,Escala 1-2,Q83.2,Bicicleta,No seleccionada ,Seleccionada ,,,,,,,,,,,,,,,,,,,
194,Numérico,Escala 1-2,Q83.3,Autobús escolar,No seleccionada ,Seleccionada ,,,,,,,,,,,,,,,,,,,
195,Numérico,Escala 1-2,Q83.4,Autobús especial (transporte de personal),No seleccionada ,Seleccionada ,,,,,,,,,,,,,,,,,,,
196,Numérico,Escala 1-2,Q83.5,Taxi,No seleccionada ,Seleccionada ,,,,,,,,,,,,,,,,,,,
197,Numérico,Escala 1-2,Q83.6,Uber/Didi/InDriver o cualquier otro servicio por aplicación,No seleccionada ,Seleccionada ,,,,,,,,,,,,,,,,,,,
198,Numérico,Escala 1-2,Q83.7,Motocicleta,No seleccionada ,Seleccionada ,,,,,,,,,,,,,,,,,,,
199,Numérico,Escala 1-2,Q83.8,Vehículo propio,No seleccionada ,Seleccionada ,,,,,,,,,,,,,,,,,,,
200,Numérico,Escala 1-2,Q83.9,Camión/Rutera/Autobús,No seleccionada ,Seleccionada ,,,,,,,,,,,,,,,,,,,
201,Numérico,Escala 1-2,Q83.10,"EcoBus (antes ViveBus, BravoBus)",No seleccionada ,Seleccionada ,,,,,,,,,,,,,,,,,,,
202,Numérico,Escala 1-2 y texto ,Q83.12,Otro medio (cuál):,No seleccionada ,Seleccionada ,,,,,,,,,,,,,,,,,,,
203,Cadena,,Q83.12.1,Other,,,,,,,,,,,,,,,,,,,,,
204,Numérico,Escala 1-2,Q84,¿Usted utiliza el camión o rutera?,,Sí,No,,,,,,,,,,,,,,,,,,
205,Numérico,Calificacion 1-10,Q85,"En una escala del 1 al 10, ¿qué tan satisfecho está con la calidad del servicio del camió/rutera?",,,,,,,,,,,,,,,,,,,,,
206,Numérico,Calificacion1-5,Calif_Ruta1a5,¿Qué tan satisfecho está con la calidad del servicio del camión/rutera? 1 a 5,,Muy insatisfecho,Poco satisfecho ,Algo satisfecho,Satisfecho ,Muy satisfecho ,NS/NC,,,,,,,,,,,,,,
207,Cadena,Texto,Q86,"Por favor, en pocas palabras ¿me podría decir el porqué de su calificación? Camión/Rutera",,,,,,,,,,,,,,,,,,,,,
208,Numérico,Escala 1-2,Q87.1,Tiempo de espera de los camiones (tardan en pasar o no pasan),No seleccionada ,Seleccionada ,,,,,,,,,,,,,,,,,,,
209,Numérico,Escala 1-2,Q87.2,"Estado de la unidad (limpieza, asientos, ventanas)",No seleccionada ,Seleccionada ,,,,,,,,,,,,,,,,,,,
210,Numérico,Escala 1-2,Q87.3,Estado de la parada de camión,No seleccionada ,Seleccionada ,,,,,,,,,,,,,,,,,,,
211,Numérico,Escala 1-2,Q87.4,Trato de los choferes,No seleccionada ,Seleccionada ,,,,,,,,,,,,,,,,,,,
212,Numérico,Escala 1-2,Q87.5,"Conducción de la unidad por parte del chofer (van muy rápido, omiten señalamientos)",No seleccionada ,Seleccionada ,,,,,,,,,,,,,,,,,,,
213,Numérico,Escala 1-2,Q87.6,"Tarifa (costos muy altos, no respetan descuentos)",No seleccionada ,Seleccionada ,,,,,,,,,,,,,,,,,,,
214,Numérico,Texto,Q87.8,Otro (especifique):,No seleccionada ,Seleccionada ,,,,,,,,,,,,,,,,,,,
215,Cadena,,Q87.8.1,Other,,,,,,,,,,,,,,,,,,,,,
216,Numérico,Escala 1-2,Q88,¿Usted utiliza el BravoBus/EcoBus/ViveBus?,,Sí,No,,,,,,,,,,,,,,,,,,
217,Numérico,Calificacion 1-10,Q89,"En una escala del 1 al 10, ¿qué tan satisfecho está con la calidad del servicio del BravoBus/EcoBus/ViveBus)?",,,,,,,,,,,,,,,,,,,,,
218,Numérico,Escala 1-5,Calif_BravoBus1a5,¿Qué tan satisfecho está con la calidad del servicio del ViveBus/BravosBus? 1 a 5,,Muy insatisfecho,Poco satisfecho ,Algo satisfecho,Satisfecho ,Muy satisfecho ,NS/NC,,,,,,,,,,,,,,
219,Cadena,Texto,Q90,"Por favor, en pocas palabras ¿me podría decir el porqué de su calificación? BravoBus/EcoBus/ViveBus",,,,,,,,,,,,,,,,,,,,,
220,Numérico,Escala 1-2,Q91.1,Tiempo de espera de los camiones (tardan en pasar o no pasan),No seleccionada ,Seleccionada ,,,,,,,,,,,,,,,,,,,
221,Numérico,Escala 1-2,Q91.2,"Estado de la unidad (limpieza, asientos, ventanas)",No seleccionada ,Seleccionada ,,,,,,,,,,,,,,,,,,,
222,Numérico,Escala 1-2,Q91.3,Estado de la parada de camión,No seleccionada ,Seleccionada ,,,,,,,,,,,,,,,,,,,
223,Numérico,Escala 1-2,Q91.4,Trato de los choferes,No seleccionada ,Seleccionada ,,,,,,,,,,,,,,,,,,,
224,Numérico,Escala 1-2,Q91.5,"Conducción de la unidad por parte del chofer (van muy rápido, omiten señalamientos)",No seleccionada ,Seleccionada ,,,,,,,,,,,,,,,,,,,
225,Numérico,Escala 1-2,Q91.6,"Tarifa (costos muy altos, no respetan descuentos)",No seleccionada ,Seleccionada ,,,,,,,,,,,,,,,,,,,
226,Numérico,Escala 1-2 y texto ,Q91.8,Otro (especifique):,No seleccionada ,Seleccionada ,,,,,,,,,,,,,,,,,,,
227,Cadena,,Q91.8.1,Other,,,,,,,,,,,,,,,,,,,,,
228,Numérico,Escala 1-5,Q93,¿Qué tanto cree que nosotros los ciudadanos estemos orgullosos de ser o vivir en Ciudad Juárez?,,Nada ,Poco,Algo,Mucho ,NS/NC,,,,,,,,,,,,,,,
229,Numérico,Escala 1-19,Q94,"Para usted, ¿cuáles son los 3 problemas más importantes de Juárez? PROBLEMA #1",,Servicios básicos ,Drogadicción,Transporte público ,Falta de hospitales,Inseguridad/Violencia ,Pobreza,Corrupción,Falta de valores ,Desempleo ,Economia/crisis ,Impunidad ,Participación ciudadana en la resolución de problemas y/o exigencias de justicia ,Alumbrado público ,Calles y pavimentación,Drenaje pluvial ,Infraestructura ,Covid 19,,Otro ,
230,Cadena,,Q94.1.1,Other,,,,,,,,,,,,,,,,,,,,,
231,Numérico,Escala 1-19,Q95,"Para usted, ¿cuáles son los 3 problemas más importantes de Juárez? PROBLEMA #2",,Servicios básicos ,Drogadicción,Transporte público ,Falta de hospitales,Inseguridad/Violencia ,Pobreza,Corrupción,Falta de valores ,Desempleo ,Economia/crisis ,Impunidad ,Participación ciudadana en la resolución de problemas y/o exigencias de justicia ,Alumbrado público ,Calles y pavimentación,Drenaje pluvial ,Infraestructura ,Covid 19,,Otro ,
232,Cadena,,Q95.1.1,Other,,,,,,,,,,,,,,,,,,,,,
233,Numérico,Escala 1-19,Q96,"Para usted, ¿cuáles son los 3 problemas más importantes de Juárez? PROBLEMA #3",,Servicios básicos ,Drogadicción,Transporte público ,Falta de hospitales,Inseguridad/Violencia ,Pobreza,Corrupción,Falta de valores ,Desempleo ,Economia/crisis ,Impunidad ,Participación ciudadana en la resolución de problemas y/o exigencias de justicia ,Alumbrado público ,Calles y pavimentación,Drenaje pluvial ,Infraestructura ,Covid 19,,Otro ,
234,Cadena,,Q96.1.1,Other,,,,,,,,,,,,,,,,,,,,,
235,Numérico,Escala 1-2,Q98.1,NO HA SIDO DISCRIMINADO/A,,No sufrio discriminacion ,Si fue discriminado ,,,,,,,,,,,,,,,,,,
236,Numérico,Escala 1-2,Q98.2,Color de piel (raza),No seleccionada ,Seleccionada ,,,,,,,,,,,,,,,,,,,
237,Numérico,Escala 1-2,Q98.3,Lugar de orígen dentro del país,No seleccionada ,Seleccionada ,,,,,,,,,,,,,,,,,,,
238,Numérico,Escala 1-2,Q98.4,Lugar de orígen extranjero,No seleccionada ,Seleccionada ,,,,,,,,,,,,,,,,,,,
239,Numérico,Escala 1-2,Q98.5,Religión,No seleccionada ,Seleccionada ,,,,,,,,,,,,,,,,,,,
240,Numérico,Escala 1-2,Q98.6,Género (hombre/mujer/otro),No seleccionada ,Seleccionada ,,,,,,,,,,,,,,,,,,,
241,Numérico,Escala 1-2,Q98.7,Orientación sexual,No seleccionada ,Seleccionada ,,,,,,,,,,,,,,,,,,,
242,Numérico,Escala 1-2,Q98.8,Clase social/nivel económico,No seleccionada ,Seleccionada ,,,,,,,,,,,,,,,,,,,
243,Numérico,Escala 1-2,Q98.9,Edad,No seleccionada ,Seleccionada ,,,,,,,,,,,,,,,,,,,
244,Numérico,Escala 1-2,Q98.10,Estado civil (sotero/casado/viudo/etc),No seleccionada ,Seleccionada ,,,,,,,,,,,,,,,,,,,
245,Numérico,Escala 1-2,Q98.11,Por preferencias políticas,No seleccionada ,Seleccionada ,,,,,,,,,,,,,,,,,,,
246,Numérico,Escala 1-2,Q98.12,Por pertenecer o defender alguna causa/movimiento social,No seleccionada ,Seleccionada ,,,,,,,,,,,,,,,,,,,
247,Numérico,Escala 1-2,Q98.13,Al realizar trámites que tienen que ver con derechos humanos/exigir justicia,No seleccionada ,Seleccionada ,,,,,,,,,,,,,,,,,,,
248,Numérico,Escala 1-2,Q98.14,"Apariencia física, obesidad",No seleccionada ,Seleccionada ,,,,,,,,,,,,,,,,,,,
249,Numérico,Escala 1-2,Q98.15,"Apariencia física, estatura",No seleccionada ,Seleccionada ,,,,,,,,,,,,,,,,,,,
250,Numérico,Escala 1-2,Q98.16,Apariencia física vestimenta,No seleccionada ,Seleccionada ,,,,,,,,,,,,,,,,,,,
251,Numérico,Escala 1-2,Q98.17,Apariencia física peinado,No seleccionada ,Seleccionada ,,,,,,,,,,,,,,,,,,,
252,Numérico,Escala 1-2,Q98.18,"Apariencia física, tatuajes",No seleccionada ,Seleccionada ,,,,,,,,,,,,,,,,,,,
253,Numérico,Escala 1-2,Q98.19,Apariencia física perforaciones,No seleccionada ,Seleccionada ,,,,,,,,,,,,,,,,,,,
254,Numérico,Escala 1-2,Q98.20,Creencias y valores,No seleccionada ,Seleccionada ,,,,,,,,,,,,,,,,,,,
255,Numérico,Escala 1-2,Q98.21,Estilo o forma de vida,No seleccionada ,Seleccionada ,,,,,,,,,,,,,,,,,,,
256,Numérico,Escala 1-2,Q98.22,Discapacidad (física o mental),No seleccionada ,Seleccionada ,,,,,,,,,,,,,,,,,,,
257,Numérico,Escala 1-2,Q98.23,Orígen étnico,No seleccionada ,Seleccionada ,,,,,,,,,,,,,,,,,,,
258,Numérico,Escala 1-2,Q98.24,Nivel educativo,No seleccionada ,Seleccionada ,,,,,,,,,,,,,,,,,,,
259,Numérico,Escala 1-2,Q98.26,Otras causas de discriminación (especifique):,No seleccionada ,Seleccionada ,,,,,,,,,,,,,,,,,,,
260,Cadena,,Q98.26.1,Other,,,,,,,,,,,,,,,,,,,,,
261,Numérico,Escala 1-2,Q99,"En el último año (2021), ¿siente que sus garantías o derechos han sido violentados por alguna autoridad o dependencia gubernamental?",,Sí,No,,,,,,,,,,,,,,,,,,
262,Cadena,Texto,Q100,¿Qué autoridad o dependencia gubernamental fue?,,,,,,,,,,,,,,,,,,,,,
263,Cadena,Texto,Q101,"En pocas palabras, ¿en qué consistiá la violación a sus derechos?",,,,,,,,,,,,,,,,,,,,,
264,Numérico,Escala 1-6,Q102,"Por distintos motivos, no todas las personas que habitan en Juárez pueden acceder en condiciones de igualdad a los bienes y servicios, ni tienen las mismas oportunidades en la vida. ¿Cómo describiría la desigualdad que se vive hoy en día?",,Muy alta ,Alta ,Media ,Baja ,Muy baja ,NC/NS,,,,,,,,,,,,,,
265,Numérico,Escala 1-12,Q103,¿Qué institución contribuye más a reducir la desigualdad en Juárez? (SELECCIONE LA QUE MÁS LO HACE),,Gobierno federal ,Gobierno municipal,Gobierno estatal ,Organizaciones de la sociedad civil ,Empresas ,Iglesias ,Universidades ,Escuelas ,La misma ciudadanía,Ninguna ,NC/NS,,,,,,,,,
266,Numérico,Escala 1-6,Q105,¿Considera usted que vivir en esta ciudad es seguro o inseguro? (especificar muy o algo seguro/inseguro),,Muy seguro ,Algo seguro ,Ni seguro ni  inseguro ,Algo insecuro ,Muy inseguro ,NC/NS,,,,,,,,,,,,,,
267,Numérico,Escala 1-12,Q106,¿Qué institución contribuye más a que usted y su familia se sienten seguros dentro y fuera de su casa? (SELECCIONE LA QUE MÁS CONTRIBUYE),,Gobierno federal ,Gobierno municipal,Gobierno estatal ,Ejercito ,Guardia nacional ,Policía municipal ,Policía estatal,La misma ciudadania ,Jueces ,Ministeriales de fiscalía ,Ninguna contribuye ,NC/NS,,,,,,,,
268,Numérico,Escala 1-7,Q107,¿Qué cosa o aspecto contribuye más a que usted y su familia se sientan más seguros DENTRO de su casa?,,Fraccionmiento con caseta/acceso controlado,Fraccionamiento con guardia de seguridad ,Fraccionamiento con barda perimetral ,Escoltas ,Contar con su arma para proteccion ,Rejas en vivienda ,Camaras de seguridad en vivienda ,Alarmas en vivienda ,,Otro,Ninguna/nada,NC/NS,,,,,,,,
269,Cadena,,Q107.1.1,Other,,,,,,,,,,,,,,,,,,,,,
270,Numérico,Escala 1-7,Q108,¿Qué cosa o aspecto contribuye más a que usted y su familia se sientan más seguros FUERA de su casa?,,Escoltas ,Contar con su arma de protección ,Camaras de seguridad en espacios públicos,Vigilancia constante de policía,Otro,NS/NS,Ninguno/nada ,,,,,,,,,,,,,
271,Cadena,,Q108.1.1,Other,,,,,,,,,,,,,,,,,,,,,
272,Numérico,Calificacion 1-10,Q110,"En una escala del 1 al 10, ¿qué tan satisfecho está con LA CALIDAD DEL AIRE?",,,,,,,,,,,,,,,,,,,,,
273,Numérico,Calificacion 1-10,Q111,"En una escala del 1 al 10, ¿qué tan satisfecho está con LA CANTIDAD DE ÁRBOLES EN LA CIUDAD?",,,,,,,,,,,,,,,,,,,,,
274,Numérico,Calificacion 1-10,Q112,"En una escala del 1 al 10, ¿qué tan satisfecho está con LA BASURA EN LAS CALLES?",,,,,,,,,,,,,,,,,,,,,
275,Numérico,Calificacion 1-10,Q113,"En una escala del 1 al 10, ¿qué tan satisfecho está con LA CALIDAD DEL AGUA? (CONSIDERAR SI ESTÁ SUCIA, CONTAMINADA O TIENE MAL SABOR)",,,,,,,,,,,,,,,,,,,,,
276,Numérico,Escala 1-6,aire1a5,¿Qué tan insatisfecho o satisfecho está usted en cuanto a los resultados de la gestión ambiental en los siguientes temas?  Calidad del aire,,Muy insatisfecho,Poco satisfecho ,Algo satisfecho,Satisfecho ,Muy satisfecho ,NS/NC,,,,,,,,,,,,,,
277,Numérico,Escala 1-6,arboles1a5,¿Qué tan insatisfecho o satisfecho está usted en cuanto a los resultados de la gestión ambiental en los siguientes temas?  Cantidad de árboles en la ciudad,,Muy insatisfecho,Poco satisfecho ,Algo satisfecho,Satisfecho ,Muy satisfecho ,NS/NC,,,,,,,,,,,,,,
278,Numérico,Escala 1-6,basura1a5,¿Qué tan insatisfecho o satisfecho está usted en cuanto a los resultados de la gestión ambiental en los siguientes temas? Basura en las calles,,Muy insatisfecho,Poco satisfecho ,Algo satisfecho,Satisfecho ,Muy satisfecho ,NS/NC,,,,,,,,,,,,,,
279,Numérico,Escala 1-6,Cagua1a5,¿Qué tan insatisfecho o satisfecho está usted en cuanto a los resultados de la gestión ambiental en los siguientes temas?  Calidad del agua,,Muy insatisfecho,Poco satisfecho ,Algo satisfecho,Satisfecho ,Muy satisfecho ,NS/NC,,,,,,,,,,,,,,
280,Numérico,Escala 1-2,Q114,¿Acostumbran separar la basura en orgánica e inorgánica antes de entregarla al camión o dejarla en el contenedor?,,Sí,No,,,,,,,,,,,,,,,,,,
281,Numérico,Escala 1-2,Q115,"Además, ¿acostumbran a separar desperdicios para alimentar animales?",,Sí,No,,,,,,,,,,,,,,,,,,
282,Numérico,Escala 1-2,Q116,"Además, ¿acostumbran a separar desperdicios para echarlos a las plantas?",,Sí,No,,,,,,,,,,,,,,,,,,
283,Numérico,Escala 1-2,Q117,"Además, ¿acostumbran a separar cartón, latas o plástico para vender o regalar?",,Sí,No,,,,,,,,,,,,,,,,,,
284,Numérico,Escala 1-2,Q119,¿Conoce o ha escuchado hablar de Plan Estratégico de Juárez A.C.? SIN APOYO VISUAL,,Sí recordó sin apoyo visual ,No recordó sin apoyo visual ,,,,,,,,,,,,,,,,,,
285,Numérico,Escala 1-2,Q120,¿Conoce o ha escuchado hablar de Plan Estratágico de Juárez A.C.? CON APOYO VISUAL,,Sí recordó con apoyo visual ,No recordó con apoyo visual ,,,,,,,,,,,,,,,,,,
286,Numérico,Escala 1-2,Q120.1,Conoce a Plan Estratégico de Juárez (sin apoyo+con apoyo),,Sí conoce ,No conoce ,,,,,,,,,,,,,,,,,,
287,Numérico,Escala 1-5,Q121.1,PEJ es una asociación apartidista y ciudadana,,Totalmente de acuerdo ,Parcialmente de acuerdo ,Parcialmente en desacuerdo ,Totalmente en desacuerdo ,NS/NC,,,,,,,,,,,,,,,
288,Numérico,Escala 1-5,Q121.2,PEJ es una organización con credibilidad,,Totalmente de acuerdo ,Parcialmente de acuerdo ,Parcialmente en desacuerdo ,Totalmente en desacuerdo ,NS/NC,,,,,,,,,,,,,,,
289,Numérico,Escala 1-5,Q121.3,PEJ es propositiva,,Totalmente de acuerdo ,Parcialmente de acuerdo ,Parcialmente en desacuerdo ,Totalmente en desacuerdo ,NS/NC,,,,,,,,,,,,,,,
290,Numérico,Escala 1-2,Q123,Sexo de la persona entrevistada,,Mujer ,Hombre,,,,,,,,,,,,,,,,,,
292,Numérico,Escala 1-4,Q125,Rango de edad,,18 a 29 años ,30 a 44 años ,45 a 59 años ,60 años o mas ,,,,,,,,,,,,,,,,
293,Numérico,Escala 1-9,Q126,¿Cuál es su ocupación?,,Hogar ,Empleado de empresa privada ,Empleado de empresa pública ,Desempleado ,Estudiante ,Estudiante que trabaja ,Empleado/empresario ,Jubilado/pensionado ,Cuenta propia/autoempleador,,,,,,,,,,,
294,Numérico,Escala 1-13,Q127,¿Cuál es su grado de escolaridad?,,Analfabeta,Primaria terminada ,Primaria incompleta ,Secundaria terminada ,Secundaria incompleta ,Preparatoria terminada,Preparatoria incompleta ,Universidad completa,Universidad incompleta ,Maestría/doctorados ,Carrera ténica terminada ,Carrera técnica incompleta,Sabe leer y escribir pero no fue a la escuela ,,,,,,,
295,Numérico,Escala 1-2,Q128,¿cuenta con Seguro Social (IMSS)?,,Sí,No,,,,,,,,,,,,,,,,,,
296,Numérico,Escala 1-18,Q129,"Por favor indique cuál es el rango de su ingreso PERSONAL por semana. Si no percibe ingresos, dejar vacío.",,$0.00 a $1493.73,"$1,493.73 a $2,987.46","$2,987.46 a $4,481.19","$4,481.19 a $5,974.92","$5,974.92 a $7,468.65","$7,468.65 a $8,962.38","$8,962.38 a $10,456.11","$10,456.11 a $11,949.84","$11,949.84 a $13,443.57","$13,443.57 a $14,937.3","$14,937.3 a $16,431.03","$16,431.03 a $17,924.76","$17,924.76 a $19,418.49","$19,418.49 a $20,912.22","$20,912.22 a $22,405.95","$22,405.95 a $23,899.68","$23,899.68 a $25,393.41","MÃ¡s de $25,393.41",,
297,Numérico,Escala 1-18,Q130,"Por favor indique cuál es el rango de su ingreso FAMILIAR por semana. Si no percibe ingresos, dejar vacío.",,$0.00 a $1493.73,"$1,493.73 a $2,987.46","$2,987.46 a $4,481.19","$4,481.19 a $5,974.92","$5,974.92 a $7,468.65","$7,468.65 a $8,962.38","$8,962.38 a $10,456.11","$10,456.11 a $11,949.84","$11,949.84 a $13,443.57","$13,443.57 a $14,937.3","$14,937.3 a $16,431.03","$16,431.03 a $17,924.76","$17,924.76 a $19,418.49","$19,418.49 a $20,912.22","$20,912.22 a $22,405.95","$22,405.95 a $23,899.68","$23,899.68 a $25,393.41","MÃ¡s de $25,393.41",,
298,Cadena,Texto,Q131,"Si el ingreso dado es de un periodo diferente a la semana, anotar: (decena, veintena, mensual, bimestral, anual)",,,,,,,,,,,,,,,,,,,,,
299,Cadena,Texto,Q132,Colonia,,,,,,,,,,,,,,,,,,,,,
300,Numérico,Escala 1-2,Q133,¿Fue supervisado?,,Sí,No,,,,,,,,,,,,,,,,,,
301,Cadena,Texto,Q134,Nombre del supervisor,,,,,,,,,,,,,,,,,,,,,
